customerID,gender,SeniorCitizen,Partner,Dependents,tenure,PhoneService,MultipleLines,InternetService,OnlineSecurity,OnlineBackup,DeviceProtection,TechSupport,StreamingTV,StreamingMovies,Contract,PaperlessBilling,PaymentMethod,MonthlyCharges,TotalCharges
3677-IYRBF,0,1,0,0,2,0,1,0,0,0,2,0,0,0,0,1,2,-1.1420431490330922,-0.97108079716186
7590-VHVEG,0,0,1,0,1,0,1,0,0,2,0,0,0,0,0,1,2,-1.1603229160349193,-0.9926105235902257
6674-KVJHG,0,0,0,0,11,1,2,2,1,1,1,1,1,1,1,0,2,-1.3148700370503688,-0.8976238412126207
6625-IUTTT,1,0,0,0,67,1,0,0,2,0,2,0,0,2,2,0,0,0.02620014208369237,0.9184615249702534
7665-VIGUD,1,0,0,0,10,1,0,2,1,1,1,1,1,1,1,0,3,-1.4760643460664828,-0.9279992851591979
3865-ZYKAD,1,1,1,0,69,1,2,1,2,2,0,0,0,0,0,1,1,0.6693155811479823,1.5467501193685214
6374-AFWOX,1,0,1,0,46,1,0,0,2,2,2,2,0,0,2,0,3,0.0295237360840249,0.33857069674394646
2530-ENDWQ,0,0,1,0,71,1,2,1,0,0,0,0,2,2,2,1,0,0.9617918531772199,1.8995640993841771
4815-TUMEQ,0,0,0,0,10,1,0,2,1,1,1,1,1,1,1,1,3,-1.5109620830699715,-0.9240727571835331
3704-IEAXF,0,0,1,1,72,0,1,0,0,2,0,2,2,2,2,0,1,-0.3693075439558449,0.6636563303247089
7734-DBOAI,0,0,1,1,1,0,1,0,0,0,0,2,2,0,0,0,2,-0.8196545310008642,-0.9880883986744317
9570-KYEUA,1,0,0,0,64,1,2,1,2,0,2,2,0,2,2,0,1,1.1462513201956595,1.8837256326059324
7321-KKSDU,1,0,0,1,32,1,0,2,1,1,1,1,1,1,2,0,3,-1.4710789550659844,-0.6983635760205852
2911-IJORQ,1,0,0,0,37,1,2,0,2,2,2,2,2,2,1,1,0,0.85876043916692,0.47599917589222296
6683-VLCTZ,1,1,0,0,20,1,2,1,0,0,2,0,2,2,0,1,2,1.1229861621933337,-0.19276795128888433
9443-JUBUO,1,0,1,1,72,0,1,0,2,2,2,2,2,2,2,1,1,0.016229360082695727,0.9702122813236815
7047-YXDMZ,1,0,0,0,21,1,0,2,1,1,1,1,1,1,0,0,3,-1.4876969250676457,-0.8214977286057664
4193-ORFCL,0,1,0,0,1,1,0,0,0,0,0,0,0,0,0,0,3,-0.6534748309842519,-0.9858824840813615
3696-XRIEN,0,0,0,0,50,1,2,0,2,0,2,2,2,2,1,1,1,0.5895493251400082,0.8379677014691201
0979-MOZQI,1,0,1,0,62,0,1,0,0,0,0,2,2,0,2,1,0,-0.8562140650045189,0.025463179403555292
0404-AHASP,1,0,1,0,72,1,0,2,1,1,1,1,1,1,2,0,1,-1.4976677070686424,-0.37846184173353775
4723-BEGSG,1,0,1,0,72,1,2,0,2,0,2,2,2,2,2,0,1,0.7274784761537967,1.6828991680528171
5696-EXCYS,1,0,0,0,17,1,0,2,1,1,1,1,1,1,2,0,1,-1.505976692069473,-0.84296127759634
5998-DZLYR,0,0,1,0,61,1,2,1,0,2,0,2,0,2,2,1,0,0.9833952141793793,1.5102863511450701
9732-EQMWY,0,0,1,0,49,1,0,1,0,2,2,0,2,2,0,0,2,1.1512367111961581,1.2111643323247445
3370-GQEAL,1,0,1,1,30,1,2,1,0,0,0,0,2,0,0,0,2,0.6875953481498096,0.10156723286447886
4816-OKWNX,1,0,1,1,50,1,0,1,0,2,2,2,2,2,1,1,0,1.284180471209448,1.3044304013197545
3795-CAWEX,1,0,1,1,70,1,2,1,2,2,2,2,2,2,2,1,1,1.721233082253138,2.590875673706462
3724-BSCVH,1,0,1,1,10,1,0,2,1,1,1,1,1,1,1,0,3,-1.4727407520661506,-0.8988370942388093
5220-AGAAX,1,0,1,1,68,1,2,2,1,1,1,1,1,1,2,1,0,-1.3547531650543558,-0.2715191022614922
0319-QZTCO,0,0,1,1,3,1,0,0,0,2,0,0,2,0,0,1,1,-0.2014660469390663,-0.9313963936325262
6175-IRFIT,1,0,0,0,5,1,0,1,0,0,0,0,0,2,0,0,3,0.464914550127549,-0.817681496359755
0604-THJFP,0,0,1,1,59,1,0,0,0,2,0,2,2,2,2,1,1,0.3718539181182462,0.9982273966556736
1956-YIFGE,1,0,1,1,22,1,0,1,0,2,2,0,2,2,1,1,3,1.1728400721983174,-0.0835972380778377
8752-STIVR,0,0,0,0,4,1,0,1,0,0,0,0,2,0,0,1,2,0.4732235351283796,-0.8720352319330058
5774-QPLTF,1,0,1,1,50,1,0,2,1,1,1,1,1,1,1,1,3,-1.4760643460664828,-0.5915311322781931
2138-VFAPZ,0,0,1,1,14,1,0,2,1,1,1,1,1,1,2,1,3,-1.4976677070686424,-0.8894619572182608
2027-CWDNU,1,0,1,1,18,1,0,1,0,0,0,2,0,2,0,1,2,0.6925807391503077,-0.29922538955045447
2956-GGUCQ,1,1,1,0,24,1,2,1,2,0,0,0,0,0,0,1,2,0.46823814412788106,-0.2238934061971055
3134-DSHVC,0,0,0,0,63,1,2,1,2,2,2,0,2,0,2,0,1,1.1047063951915064,1.7376940865446822
9916-AYHTC,1,0,0,0,48,1,0,2,1,1,1,1,1,1,2,0,1,-1.4926823160681442,-0.6016562802603855
5519-NPHVG,0,0,0,0,12,1,2,1,0,0,0,0,2,2,0,1,2,0.9784098231788811,-0.5442583825486977
4010-YLMVT,0,0,0,0,56,1,2,1,2,2,0,0,2,2,0,1,1,1.3905354792200795,1.594530229454423
1580-BMCMR,1,1,0,0,19,1,0,1,2,0,0,0,0,2,0,1,2,0.749081837155956,-0.2834310410640715
8710-YGLWG,1,0,0,0,1,1,0,0,0,0,0,0,0,0,0,1,3,-0.6601220189849164,-0.9859707206650842
6848-YLDFR,1,0,1,1,58,1,0,0,0,2,0,2,2,2,1,1,1,0.3469269631157543,0.8916596626644498
0506-YLVKJ,1,0,1,1,46,1,0,2,1,1,1,1,1,1,2,1,3,-1.481049737066981,-0.6010165650283952
2937-FTHUR,0,0,0,1,18,1,2,0,2,0,0,0,0,2,0,0,2,0.001273187081200524,-0.4910517225638433
5702-KVQRD,1,0,1,0,71,1,0,0,2,0,2,2,2,2,2,1,2,0.5912111221401742,1.5674857165433815
0786-VSSUD,1,1,0,0,16,0,1,0,0,2,0,0,2,0,0,1,3,-0.8562140650045189,-0.7058416264910934
5047-LHVLY,1,1,0,1,1,1,0,0,0,0,2,0,0,0,0,1,3,-0.4856333339674735,-0.9836545103423604
2079-FBMZK,0,0,0,0,6,1,0,1,0,0,0,0,0,0,0,1,3,0.14917312009598557,-0.8211889005627366
4423-YLHDV,0,0,1,0,21,1,2,1,2,0,2,0,2,2,0,1,0,1.3174164112127704,-0.03506711703029224
8650-RHRKE,1,0,0,0,4,0,1,0,0,0,2,0,0,0,0,1,2,-1.166970104035584,-0.9534996578550902
0781-LKXBR,1,1,0,0,9,1,2,1,0,0,2,0,2,2,0,1,2,1.1877962451998125,-0.600509204671989
5074-FBGHB,1,0,0,0,64,1,2,1,0,0,2,2,2,2,1,1,1,1.325725396213601,2.0338822389562243
0318-QUUOB,1,0,1,0,1,1,0,1,0,0,0,0,2,0,0,1,2,0.5247392421335293,-0.9702425496164933
3655-SNQYZ,0,0,1,1,69,1,2,1,2,2,2,2,2,2,2,0,1,1.611554480242174,2.4774254861848592
3750-YHRYO,1,0,1,1,7,1,0,2,1,1,1,1,1,1,1,0,3,-1.4660935640654862,-0.9396023959187476
4536-PLEQY,1,0,1,0,12,1,0,1,0,2,0,0,0,2,0,1,1,0.6743009721484804,-0.5646851516805281
5639-NTUPK,1,0,0,1,13,1,0,0,2,0,0,0,0,0,0,1,1,-0.4208232509609946,-0.7099005093423426
0506-YLVKJ,1,0,1,1,46,1,0,2,1,1,1,1,1,1,2,1,3,-1.481049737066981,-0.6010165650283952
2878-DHMIN,1,0,1,1,35,1,0,2,1,1,1,1,1,1,1,0,2,-1.491020519067978,-0.711952009913898
0847-HGRML,1,0,0,1,62,1,0,2,1,1,1,1,1,1,2,0,0,-1.4876969250676457,-0.45425706715143155
9332-GYWLO,0,0,1,1,6,1,0,0,0,0,0,0,2,0,0,0,2,-0.32942441595185784,-0.849115779311006
4986-MXSFP,0,0,0,0,2,1,0,2,1,1,1,1,1,1,0,1,3,-1.4876969250676457,-0.9877354523395403
8990-YOZLV,0,0,0,0,69,1,2,0,2,2,0,2,0,0,2,1,3,0.07106866108817798,1.0139114494124029
4844-JJWUY,0,1,0,0,1,1,0,1,0,2,0,0,0,2,0,1,2,0.7058751151516368,-0.9678381027100468
5073-WXOYN,0,0,0,0,60,0,1,0,0,2,0,0,2,2,0,1,2,-0.46402997296531395,0.32985733410131896
4030-VPZBD,0,0,0,0,2,0,1,0,0,0,0,2,0,0,0,1,2,-1.125425179031431,-0.9797279823666953
3572-UUHRS,1,0,0,0,45,1,0,2,1,1,1,1,1,1,1,0,0,-1.5259182560714666,-0.6231418883968898
9094-AZPHK,0,0,0,0,15,1,2,1,0,2,0,0,2,2,0,1,2,1.1761636661986499,-0.38150600387197475
6888-SBYAI,1,0,0,0,1,1,0,0,2,0,0,0,0,0,0,1,3,-0.467353566965646,-0.9834118597371228
2607-DHDAK,1,0,1,1,72,1,0,2,1,1,1,1,1,1,2,1,1,-1.4943441130683104,-0.38166041789348965
3647-GMGDH,1,0,1,0,22,1,0,1,0,0,2,0,2,2,0,1,1,0.9950277931805424,-0.16095866285681126
1820-TQVEV,1,0,0,0,1,1,0,1,0,0,0,0,0,0,0,1,2,0.15914390209698223,-0.9750955617212478
9800-ONTFE,0,0,1,1,22,1,2,1,0,0,0,0,0,0,0,1,0,0.36686852711774764,-0.29322530185730344
7139-JZFVG,1,0,1,1,60,1,0,0,2,2,2,0,0,0,2,0,0,-0.14164135493308597,0.6241483999628207
4785-NKHCX,1,1,0,0,5,1,0,2,1,1,1,1,1,1,0,0,0,-1.4860351280674797,-0.9642424619233422
7932-WPTDS,0,1,1,0,1,0,1,0,0,0,0,0,0,0,0,1,2,-1.328164413051698,-0.9948384973292265
1849-RJYIG,0,0,0,0,8,1,0,0,2,0,0,0,2,0,0,1,2,-0.1582593249347472,-0.7905928651568523
6048-UWKAL,0,1,1,0,69,1,2,1,0,2,0,2,2,2,2,0,1,1.3506523512160928,2.082037354522948
4979-HPRFL,1,0,1,1,56,1,2,2,1,1,1,1,1,1,2,0,0,-1.3497677740538576,-0.38713108608430385
1766-GKNMI,1,0,0,0,29,1,2,1,0,0,0,0,0,2,0,1,2,0.6693155811479823,0.10432462610581666
3716-UVSPD,1,0,0,0,1,1,0,0,0,0,0,2,0,0,0,1,2,-0.5138838829702976,-0.9840295158231823
5480-TBGPH,0,0,1,0,24,1,0,1,0,2,2,0,2,2,0,1,1,1.1479131171958254,0.0668902554614146
8738-JOKAR,0,0,0,0,42,1,0,0,2,2,0,2,0,2,1,1,3,0.09765741309083585,0.2658196334644896
7711-YIJWC,1,0,1,1,61,1,0,0,2,2,2,2,2,2,1,0,0,0.6693155811479823,1.3168276413328095
4431-EDMIQ,0,0,1,1,7,1,0,0,2,2,2,2,2,0,0,1,2,0.36354493311741554,-0.7613424376527408
3657-COGMW,0,1,0,0,52,1,2,1,2,2,2,0,2,2,0,0,1,1.440389389225063,1.5704195829521652
0040-HALCW,1,0,1,1,54,1,0,2,1,1,1,1,1,1,2,0,1,-1.4744025490663168,-0.5246257426703725
5644-PDMZC,0,1,0,0,2,1,2,1,0,2,0,0,0,2,0,0,2,0.8222009051632655,-0.934528792354686
8180-AKMJV,0,0,0,0,1,1,0,0,0,0,0,0,0,0,0,1,1,-0.6717545979860794,-0.986125134686599
2664-XJZNO,1,0,1,1,72,1,0,1,2,0,2,2,2,2,2,1,1,1.3340343812144315,2.3293644986979842
7924-GJZFI,0,1,1,0,25,1,0,1,0,0,0,0,0,0,0,1,2,0.1508349170961516,-0.2058710839717216
0392-BZIUW,0,0,1,0,72,1,2,1,2,0,2,0,2,2,2,1,1,1.3373579752147637,2.3427102819860592
9979-RGMZT,0,0,0,0,7,1,0,1,0,2,0,0,2,2,1,1,3,0.9734244321783826,-0.7263125139147852
8058-JMEQO,0,1,0,0,9,1,2,1,0,0,0,0,0,2,0,1,2,0.6543594081464871,-0.6693778582676422
4701-MLJPN,1,0,0,0,31,1,0,0,0,0,2,2,0,0,0,1,2,-0.3161300399505289,-0.24886435939066068
7398-HPYZQ,1,0,1,0,71,1,2,0,2,2,2,2,2,2,2,0,0,0.8570986421667539,1.819555577093519
8205-OTCHB,1,0,0,0,22,0,1,0,0,2,2,0,0,2,1,1,0,-0.6983433499887373,-0.6071269484511997
0722-SVSFK,0,0,0,0,7,1,0,1,0,0,2,2,2,2,0,1,2,1.1844726511994805,-0.6903340469018096
7205-BAIAD,0,0,0,0,40,1,0,2,1,1,1,1,1,1,2,1,0,-1.4677553610656522,-0.6407892051414518
9554-DFKIC,1,0,1,1,30,1,2,0,2,0,0,0,0,0,0,1,0,-0.3427187919531868,-0.3048725309087143
5855-EIBDE,0,0,1,0,49,1,2,1,2,2,2,2,0,2,2,0,1,1.392197276220246,1.277055001219753
0285-INHLN,1,0,1,1,27,1,0,0,2,2,0,0,0,0,0,1,1,-0.3327480099521901,-0.33946127172805585
3627-FHKBK,0,0,0,0,1,1,0,1,2,0,0,0,0,0,0,0,3,0.3502505571160864,-0.972558759939217
2587-YNLES,0,0,1,1,6,1,0,2,1,1,1,1,1,1,2,0,3,-1.4843733310673135,-0.9615071278279351
9968-FFVVH,1,0,0,0,63,1,2,0,2,2,2,2,0,0,1,0,0,0.1342169470944904,0.8080775587330182
9170-GYZJC,0,0,1,1,41,1,2,0,2,2,2,2,0,2,0,0,1,0.50313588113137,0.4616827901831969
8180-AKMJV,0,0,0,0,1,1,0,0,0,0,0,0,0,0,0,1,1,-0.6717545979860794,-0.986125134686599
3834-XUIFC,1,0,0,0,7,1,2,1,0,0,0,0,0,2,0,1,3,0.6792863631489789,-0.7399450660999595
8010-EZLOU,1,1,0,0,15,1,2,1,0,2,0,0,0,0,0,1,2,0.5131066631323666,-0.46874992602790305
6211-WWLTF,1,0,1,0,63,1,0,1,2,0,2,0,2,2,2,0,1,1.1612074931971548,1.7870845142835248
5020-ZSTTY,0,1,0,0,54,1,2,0,2,2,0,2,2,2,1,0,0,0.5878875281398422,0.9134099805521226
6227-FBDXH,1,0,1,0,69,1,2,1,0,0,2,0,2,2,1,0,0,1.15456030519649,2.012551044841235
1194-HVAIF,0,0,1,0,27,1,2,1,0,0,0,0,2,2,0,0,1,1.0049985751815391,0.08065516252217307
0480-KYJVA,0,0,1,1,72,1,2,2,1,1,1,1,1,1,2,0,1,-1.3464441800535252,-0.2184889154440834
6243-OZGFH,0,0,0,0,23,0,1,0,0,0,0,0,2,2,0,1,2,-0.6584602219847502,-0.5659866412904396
2430-USGXP,1,0,1,0,24,1,2,1,0,0,2,0,2,2,0,1,2,1.2060760122016398,0.04944147103022905
4075-JFPGR,0,0,1,0,51,1,0,1,2,2,2,0,2,0,1,1,2,0.9551446651765553,1.0322867179726782
0818-OCPZO,1,1,0,0,27,1,2,1,0,2,0,0,0,0,0,1,2,0.5546515881365197,-0.06956762126591085
5322-TEUJK,0,0,1,1,71,1,2,1,2,2,2,2,2,2,2,0,0,1.656422999246659,2.567912102792601
9055-MOJJJ,0,0,1,1,64,1,0,0,2,0,0,2,2,0,1,0,3,0.034509127084522986,0.788952279211099
3973-SKMLN,1,0,0,0,71,1,0,2,1,1,1,1,1,1,2,1,1,-1.491020519067978,-0.40793286069695633
0265-PSUAE,0,0,1,1,16,1,0,1,2,0,2,0,2,2,0,0,0,1.1944434332004772,-0.3339906035372416
7971-HLVXI,1,0,1,1,72,1,2,1,0,0,0,0,0,2,2,1,1,0.6560212051466532,1.6990464628740916
8010-EZLOU,1,1,0,0,15,1,2,1,0,2,0,0,0,0,0,1,2,0.5131066631323666,-0.46874992602790305
2097-YVPKN,1,0,0,0,65,1,2,2,1,1,1,1,1,1,2,0,3,-1.2965902700485417,-0.27573239913425635
1810-BOHSY,1,0,1,0,51,1,2,1,2,2,0,0,0,2,1,1,1,1.0515288911861906,1.1608915387486736
3365-SAIGS,0,0,0,0,17,1,0,1,0,2,0,0,2,0,0,1,2,0.6244470621434968,-0.4193815574349909
2582-FFFZR,0,0,0,0,22,0,1,0,0,0,2,0,2,2,0,1,2,-0.47067716096597834,-0.5322582071623956
3537-HPKQT,0,0,1,0,55,1,2,1,0,2,0,0,0,0,0,1,1,0.43167861012422654,0.8764829702641264
0880-TKATG,1,0,1,1,4,1,2,1,0,0,2,0,2,2,0,0,2,1.2093996062019723,-0.8355273454176932
1307-ATKGB,1,0,0,0,24,1,0,1,0,2,2,0,0,2,0,1,2,0.8238627021634315,-0.04084661326413625
3714-NTNFO,0,0,0,0,49,1,2,1,0,0,0,0,0,2,0,1,2,0.6560212051466532,0.7177894744386527
6994-KERXL,1,0,0,0,4,1,0,0,0,0,0,0,0,2,0,1,2,-0.29452667894836937,-0.9005577076214042
0156-FVPTA,1,0,1,0,22,1,0,0,2,0,0,2,0,0,0,1,2,-0.3510277769540174,-0.49722828342444
5173-ZXXXL,1,0,0,0,2,1,0,2,1,1,1,1,1,1,1,0,3,-1.4893587220678117,-0.9847354084929649
9199-PWQVC,0,0,1,0,63,1,2,0,2,2,0,0,2,2,1,1,1,0.4964886931307054,1.1057877922137787
6732-FZUGP,0,0,0,0,47,1,2,1,2,0,2,0,2,0,1,0,1,1.001674981181207,1.0303896314226377
2067-QYTCF,0,0,1,0,64,1,2,1,0,2,2,2,2,2,0,1,2,1.541759006235197,2.0619414725800778
2581-VKIRT,0,0,1,1,59,1,2,0,2,2,0,2,0,0,1,0,3,0.02453834508352634,0.6712887948167321
8943-URTMR,0,0,0,0,2,1,0,1,0,0,0,0,2,0,0,1,3,0.4948268961305394,-0.9384112020384897
5940-AHUHD,1,0,0,0,1,1,0,1,0,0,0,0,0,0,0,0,3,0.19404163910047073,-0.9746323196567032
6103-QCKFX,0,0,1,1,44,1,0,0,2,0,0,2,0,0,0,0,0,-0.28289409994720643,0.06168429702176893
1568-BEKZM,1,1,1,0,70,1,2,0,2,2,2,2,2,2,2,0,1,0.8404806721650927,1.788408063039367
0137-UDEUO,0,0,0,0,3,1,0,2,1,1,1,1,1,1,0,0,3,-1.4926823160681442,-0.9776544226492093
7929-DMBCV,0,0,1,0,20,1,0,1,0,0,2,2,0,0,0,1,3,0.5396954151350245,-0.26296015364037956
5756-JYOJT,0,0,0,0,11,1,0,0,0,0,2,2,0,2,1,0,1,0.004596781081533054,-0.6981650437072089
4123-FCVCB,0,0,0,0,12,1,2,0,0,0,0,2,2,2,1,1,3,0.36853032411791364,-0.6288110889010803
3071-VBYPO,1,0,1,1,3,1,0,1,2,2,0,0,2,0,0,0,2,0.8338334841644282,-0.8961899967271251
9415-TPKRV,0,0,1,1,8,1,2,0,0,2,0,0,0,0,0,0,2,-0.2995120699488677,-0.8086593056740976
1498-DQNRX,0,0,1,0,29,1,0,2,1,1,1,1,1,1,0,0,3,-1.4926823160681442,-0.7529599621990739
3227-WLKLI,0,0,1,1,65,1,2,0,2,2,2,2,2,2,2,0,0,0.8903345821700764,1.6254130337574064
2972-YDYUW,0,0,0,0,57,1,2,1,0,2,0,2,0,2,1,0,2,0.9950277931805424,1.4070274890434518
8150-QUDFX,1,0,0,0,2,1,0,2,1,1,1,1,1,1,0,0,3,-1.4926823160681442,-0.9830147951103702
0988-AADSA,0,0,1,1,72,1,2,0,2,2,2,2,0,2,2,0,0,0.534710024134526,1.5640003714863309
8092-NLTGF,1,0,0,0,72,1,2,2,1,1,1,1,1,1,2,0,0,-1.329826210051864,-0.22153307758252036
0440-MOGPM,0,0,0,0,41,1,2,0,0,2,2,0,2,2,1,1,2,0.5247392421335293,0.4341970943535417
2429-AYKKO,1,0,0,0,72,1,0,2,1,1,1,1,1,1,2,0,0,-1.4926823160681442,-0.3730794101264464
3530-VWVGU,0,0,1,1,22,1,0,2,1,1,1,1,1,1,0,0,3,-1.491020519067978,-0.8291743113896509
5542-DHSXL,0,0,1,0,4,1,0,0,2,2,0,0,0,0,0,0,3,-0.33440980695235617,-0.9020797886906227
2181-UAESM,1,0,0,0,2,1,0,0,2,0,2,0,0,0,0,0,2,-0.37595473195650925,-0.9530584749364761
3235-ETOOB,1,0,1,0,8,1,0,1,2,0,0,0,0,0,0,1,2,0.3236618051134285,-0.7367023716481461
9824-QCJPK,1,0,1,0,36,1,0,2,1,1,1,1,1,1,1,0,3,-1.4876969250676457,-0.7116211227249374
7872-BAAZR,0,0,1,1,53,1,0,2,1,1,1,1,1,1,1,0,0,-1.502653098069141,-0.5611115700397543
3214-IYUUQ,0,0,1,0,61,1,0,1,2,2,0,2,0,2,1,0,0,0.9617918531772199,1.5798608974105057
4488-KQFDT,0,0,0,0,61,1,2,1,0,2,2,0,2,2,1,1,2,1.302460238211275,1.827938052547186
9070-BCKQP,0,0,1,0,72,1,2,1,2,0,2,2,2,2,2,1,1,1.5085230662318745,2.471270984470193
9831-BPFRI,0,0,1,1,39,1,2,1,0,2,2,2,0,0,1,1,2,0.8238627021634315,0.5270881578677298
1257-SXUXQ,1,0,1,1,5,1,0,2,1,1,1,1,1,1,0,0,3,-1.505976692069473,-0.967816043564116
6963-KQYQB,0,0,1,1,70,1,2,2,1,1,1,1,1,1,2,0,3,-1.3530913680541898,-0.22720227808671087
9938-TKDGL,1,0,1,1,68,1,0,1,2,0,0,2,2,2,2,1,2,1.156222102196656,1.9360278676076281
1092-WPIVQ,0,0,1,1,18,1,2,2,1,1,1,1,1,1,2,0,3,-1.3181936310507012,-0.8167550122306654
4686-UXDML,0,0,0,0,21,1,2,1,0,2,0,0,2,2,0,1,1,1.1661928841976528,-0.12670080922643037
9754-CLVZW,0,0,1,1,26,0,1,0,2,2,0,2,0,0,0,0,1,-0.8611994560050172,-0.553501164693662
3115-CZMZD,1,0,0,1,0,1,0,2,1,1,1,1,1,1,2,0,3,-1.479387940066815,-1.005779833710855
9019-QVLZD,0,0,0,0,1,1,0,1,0,0,0,0,2,0,0,0,2,0.4915033021302069,-0.9706837325351073
1579-KLYDT,1,0,0,0,7,1,2,1,0,0,2,0,2,0,0,1,2,0.8537750481664219,-0.7439598306593472
8486-AYEQH,0,0,0,0,31,1,2,1,0,0,0,0,0,0,0,1,2,0.37517751211857825,-0.022912527622475094
3352-ALMCK,1,0,0,0,40,1,2,1,0,2,2,0,2,2,0,1,3,1.259253516206956,0.8066657733934529
6416-TVAIH,1,0,1,1,1,1,0,1,0,0,0,0,0,0,0,1,2,0.12424616509349373,-0.9755588037857926
7820-ZYGNY,1,0,0,0,63,1,2,1,0,2,0,0,0,2,1,0,1,0.8537750481664219,1.5643312586752913
2869-ADAWR,0,0,0,0,45,1,2,1,0,2,0,0,2,0,0,1,1,0.8155537171626008,0.7663857729239903
6265-FRMTQ,1,0,0,0,31,1,0,2,1,1,1,1,1,1,2,0,0,-1.4744025490663168,-0.7370553179830374
9938-ZREHM,0,0,1,0,37,1,2,0,0,2,0,2,0,2,1,0,3,0.2438955491054544,0.16706083713273465
8580-QVLOC,0,1,1,1,72,1,2,0,2,2,2,2,2,2,2,0,1,0.9202469281730669,1.8355484578932784
0089-IIQKO,0,0,1,1,39,1,2,1,0,0,0,2,2,2,0,1,1,1.1695164781979852,0.6563326938757157
4994-OBRSZ,1,0,0,1,14,1,0,0,2,2,2,2,0,2,2,0,0,0.37683930911874425,-0.5404200911567555
1215-VFYVK,0,0,0,0,4,0,1,0,2,0,2,2,0,2,0,0,3,-0.5487816199737862,-0.9165505884211634
9365-CSLBQ,1,0,0,1,71,1,2,2,1,1,1,1,1,1,2,0,3,-1.343120586053193,-0.2757985765720485
7721-DVEKZ,0,0,0,0,1,1,0,2,1,1,1,1,1,1,0,0,3,-1.4993295040688086,-0.9971105893600889
1641-RQDAY,0,1,1,1,32,1,2,1,0,2,0,0,2,2,0,1,2,1.1844726511994805,0.41379238436764193
6176-YJWAS,1,0,1,0,72,1,2,1,2,2,2,0,2,0,2,1,1,1.1030445981913404,2.1329057450391478
7123-WQUHX,1,0,0,0,38,1,2,1,0,0,2,2,2,0,1,0,0,1.0049985751815391,0.5849492976439624
2039-JONDJ,1,0,0,0,27,1,0,0,2,2,0,0,0,0,1,0,0,-0.3094828519498643,-0.3538658940208045
2451-YMUXS,1,1,0,0,67,1,2,0,2,2,0,2,0,0,2,1,0,-0.007035797919630092,0.8692916886907176
1265-BCFEO,0,0,1,0,71,1,2,0,0,0,2,2,2,2,2,1,0,0.5214156481331973,1.4923081472115478
9891-NQDBD,0,0,1,0,28,1,2,2,1,1,1,1,1,1,1,0,3,-1.303237458049206,-0.7092166758184908
3086-RUCRN,0,0,0,0,66,1,2,1,2,2,2,2,0,2,0,1,0,1.2742096892084507,1.9038215145488024
0637-YLETY,0,0,0,0,16,1,2,1,0,2,2,0,0,2,0,1,1,1.0249401391835322,-0.3194536263689086
8760-ZRHKE,0,1,1,1,71,1,2,0,2,2,0,0,2,0,1,0,2,0.14751132309581955,1.1924140582836475
0541-FITGH,0,0,1,0,2,1,0,0,2,0,0,0,0,2,0,1,3,-0.08680205392760396,-0.9558820456156061
6092-QZVPP,1,0,0,0,36,1,0,0,2,0,2,2,2,2,0,1,1,0.47987072312904416,0.253775339786326
2293-IJWPS,0,0,1,0,57,1,2,1,0,0,2,0,2,2,1,1,1,1.1961052302006432,1.6346999341942323
8984-EYLLL,1,0,1,0,64,1,2,1,0,2,0,2,2,2,2,1,2,1.3456669602155942,2.0045876931602513
3148-BLQJT,1,0,0,0,1,1,0,2,1,1,1,1,1,1,0,0,3,-1.4843733310673135,-0.9969120570467127
8008-HAWED,1,0,0,0,14,0,1,0,0,0,2,0,2,2,0,1,2,-0.46569176996548,-0.6913267084686912
1640-PLFMP,0,0,0,0,1,1,0,1,0,0,0,0,0,0,0,1,2,0.18240906009930805,-0.974786733678218
7838-LAZFO,1,0,1,0,45,1,0,0,2,2,2,0,2,2,1,0,0,0.466576347127715,0.5813757160031886
9661-ACXBS,0,0,0,0,42,1,2,1,2,0,2,0,2,2,0,1,2,1.3440051632154282,0.9357558953799241
3640-JQGJG,1,0,1,1,13,1,0,0,0,0,0,0,0,0,0,0,0,-0.6634456129852487,-0.7590703456218785
6892-EZDTG,0,0,1,0,4,1,2,1,0,2,0,0,2,0,0,1,2,0.893658176170409,-0.8445715952492813
1660-HSOOQ,1,0,0,0,1,1,0,0,0,0,2,0,0,0,0,1,3,-0.5022513039691348,-0.9838751018016674
5322-ZSMZY,1,0,1,1,31,1,2,2,1,1,1,1,1,1,2,0,3,-1.2965902700485417,-0.6724220204060791
7774-OJSXI,1,0,0,0,31,1,2,1,0,2,2,0,2,2,1,1,2,1.285842268209614,0.3470855270731975
7594-RQHXR,0,0,0,1,1,1,0,1,0,0,0,0,0,2,0,1,2,0.4931650991303729,-0.9706616733891767
7608-RGIRO,1,0,0,1,62,1,2,2,1,1,1,1,1,1,2,1,3,-1.341458789053027,-0.38238836970920287
5018-GWURO,0,0,1,0,56,1,2,1,0,0,0,0,2,0,0,1,0,0.6925807391503077,1.1572517796701078
2867-UIMSS,1,0,0,0,1,1,0,1,0,0,0,0,0,2,0,0,2,0.5230774451333633,-0.970264608762424
4608-LCIMN,1,0,1,1,8,1,0,0,0,0,0,0,0,0,0,0,0,-0.6684310039857471,-0.8429171593044785
2806-MLNTI,1,1,1,0,52,1,2,1,0,2,2,0,2,2,1,1,0,1.3406815692150957,1.3661960099257215
6994-KERXL,1,0,0,0,4,1,0,0,0,0,0,0,0,2,0,1,2,-0.29452667894836937,-0.9005577076214042
9057-SIHCH,0,0,0,0,3,1,2,1,0,0,0,0,2,2,0,1,2,1.0581760791868549,-0.8769985397674139
6439-LAJXL,1,0,1,0,9,1,0,0,2,2,0,2,2,0,0,1,3,0.13920233809498894,-0.7437833574919017
1965-DDBWU,1,0,0,0,16,1,2,1,0,0,0,2,0,2,0,1,1,0.8072447321617703,-0.36668225780654273
2969-VAPYH,0,0,0,0,67,1,0,0,2,2,0,2,0,0,1,0,1,-0.14164135493308597,0.7015980613255172
7994-UYIVZ,1,0,1,0,8,1,2,1,0,0,0,0,0,2,0,1,0,0.6942425361504742,-0.71484175803082
2675-IJRGJ,1,0,0,0,53,1,0,2,1,1,1,1,1,1,2,0,0,-1.4993295040688086,-0.5743029393063145
9069-LGEUL,1,0,1,0,23,1,0,0,2,0,0,0,0,2,0,1,0,-0.15992112193491323,-0.38547665013950116
5334-JLAXU,0,0,1,0,60,1,2,1,2,2,0,0,0,2,0,1,1,0.9750862291785486,1.4100937103278195
8082-GHXOP,1,0,0,1,13,1,0,0,0,0,0,0,0,0,0,0,3,-0.6900343649879066,-0.7148858763226814
6959-GQEGV,1,0,0,0,45,1,0,0,2,0,2,0,2,2,0,1,2,0.3718539181182462,0.4385648052478209
8799-OXZMD,0,0,0,0,28,0,1,0,0,0,2,0,0,0,0,1,3,-1.1636465100352518,-0.656936499962726
1984-FCOWB,0,0,1,0,70,1,2,1,0,2,2,2,2,2,1,1,2,1.4869197052297147,2.3801005343386
7853-OETYL,0,0,1,0,4,0,1,0,2,0,0,0,0,0,0,1,2,-1.1869116680375775,-0.9486025274584742
5067-XJQFU,1,1,1,1,66,1,2,1,0,2,2,2,2,2,1,1,2,1.4520219682262263,2.1161849124236753
7114-AEOZE,0,0,0,0,60,1,0,2,1,1,1,1,1,1,2,0,0,-1.4926823160681442,-0.5080813832223456
7521-YXVZY,1,0,0,1,3,1,0,2,1,1,1,1,1,1,0,0,3,-1.4893587220678117,-0.9800588695556558
4706-DGAHW,1,1,0,0,1,1,0,0,0,0,0,0,0,0,0,0,2,-0.6501512369839195,-0.9858383657895
2041-JIJCI,0,0,0,0,5,1,2,0,0,2,0,0,0,2,0,1,2,-0.025315564921457354,-0.8424318580940031
8626-PTQGE,1,0,0,0,69,0,1,0,2,2,0,2,2,2,2,1,0,-0.15659752793458118,0.8369088624644462
8249-THVEC,1,0,1,1,51,1,0,2,1,1,1,1,1,1,1,0,3,-1.5076384890696393,-0.5655895766636869
5245-VDBUR,0,0,1,0,52,0,1,0,2,0,2,0,0,0,1,0,3,-0.9742016520163136,-0.14152455529186242
3164-YAXFY,1,0,0,0,57,0,1,0,2,0,2,0,2,2,0,1,2,-0.3659839499555126,0.4042407741796477
3413-DHLPB,1,0,1,1,60,1,2,1,0,2,0,2,2,2,0,1,0,1.2958130502106107,1.6280601312690908
7812-FZHPE,0,0,1,1,17,1,2,2,1,1,1,1,1,1,0,0,3,-1.3514295710540236,-0.8249389553709561
2754-XBHTB,0,0,0,0,9,1,0,1,0,0,0,0,2,0,0,1,0,0.4283550161238945,-0.6907090523826314
3957-LXOLK,0,1,0,0,28,1,2,1,0,2,2,0,2,2,0,1,2,1.3755793062185846,0.38504931721993657
8124-NZVGJ,0,0,0,0,6,0,1,0,0,0,0,2,2,2,1,1,3,-0.5155456799704636,-0.893013479713104
0756-MPZRL,1,0,0,0,46,0,1,0,0,0,2,2,0,0,1,0,1,-1.0323645470221279,-0.3273066823202388
8760-ZRHKE,0,1,1,1,71,1,2,0,2,2,0,0,2,0,1,0,2,0.14751132309581955,1.1924140582836475
2979-SXESE,0,0,1,1,17,1,2,1,2,0,2,0,2,0,0,0,2,0.9850570111795457,-0.2967106469143544
6115-ZTBFQ,0,0,1,0,72,0,1,0,2,2,2,2,2,2,2,0,0,0.02453834508352634,1.1647077709946851
0684-AOSIH,1,0,1,0,1,1,0,1,2,0,0,0,2,2,0,1,2,1.0049985751815391,-0.9638674564425203
7821-DPRQE,1,0,1,0,68,1,2,1,2,2,0,2,2,2,0,1,2,1.4270950132237343,2.224076195170741
5802-ADBRC,0,0,1,0,50,1,2,1,2,0,2,0,2,2,1,1,3,1.3174164112127704,1.3028862611046053
7089-RKVSZ,1,0,1,1,8,1,2,2,1,1,1,1,1,1,1,0,3,-1.341458789053027,-0.9158005774595197
9921-ZVRHG,0,0,0,0,14,1,2,1,0,0,2,0,0,0,0,1,2,0.5214156481331973,-0.5328317449565938
7530-HDYDS,0,0,0,0,38,1,0,1,0,2,2,2,0,0,0,1,1,0.6477122201458225,0.43446180410471014
3717-OFRTN,1,0,0,0,1,1,0,2,1,1,1,1,1,1,0,0,0,-1.4960059100684764,-0.9970664710682275
5325-UWTWJ,1,0,1,0,31,1,2,1,2,2,0,2,0,0,0,1,1,0.8570986421667539,0.286775822098657
9705-IOVQQ,1,1,1,1,61,1,2,1,0,2,0,0,2,2,1,0,2,1.1379423351948288,1.6277733623719917
5995-WWKKG,0,0,0,0,37,1,0,2,1,1,1,1,1,1,1,1,2,-1.4943441130683104,-0.6991356461281598
6840-RESVB,1,0,1,1,24,1,2,0,2,0,2,2,2,2,1,1,3,0.6659919871476498,-0.12760523420958916
9588-OZDMQ,0,0,1,0,2,1,0,0,0,0,0,0,0,0,0,1,2,-0.6567984249845842,-0.966183666765244
4092-OFQZS,1,0,1,0,20,1,0,2,1,1,1,1,1,1,1,0,3,-1.4660935640654862,-0.8215859651894892
1131-ALZWV,0,0,0,0,24,1,2,2,1,1,1,1,1,1,1,0,0,-1.3348116010523623,-0.7387538722197015
1575-KRZZE,0,0,0,0,4,1,0,0,2,2,0,0,0,0,0,0,2,-0.31779183695069496,-0.9084328227186649
4376-KFVRS,1,0,1,1,72,1,2,1,2,2,2,2,2,2,2,1,1,1.638143232244832,2.730245357696641
1360-XFJMR,0,0,1,0,67,1,2,1,0,2,2,2,2,2,1,1,1,1.4935668932303794,2.234466052904102
2928-HLDBA,0,0,0,0,6,1,0,2,1,1,1,1,1,1,0,0,3,-1.46443176706532,-0.9560364596371209
7925-PNRGI,0,0,1,1,45,1,2,0,2,2,2,2,2,0,0,0,3,0.5496661971360212,0.5564929993933562
5759-RCVCB,0,0,0,0,3,0,1,0,0,0,0,0,2,0,0,0,1,-0.9825106370171443,-0.9577129547278543
5756-OZRIO,1,1,1,0,61,1,2,0,0,2,0,0,0,2,1,0,0,-0.023653767921291324,0.7159806244723351
0188-GWFLE,1,0,0,0,2,1,0,2,1,1,1,1,1,1,0,0,3,-1.4860351280674797,-0.9909119693535616
2522-WLNSF,0,1,1,0,34,1,0,0,0,0,2,2,2,0,1,0,0,-0.018668376920792765,-0.07651625223408212
5219-YIPTK,0,0,1,0,33,1,2,1,0,2,2,0,2,2,0,1,2,1.3174164112127704,0.4984774455956087
1216-BGTSP,1,0,0,0,45,1,2,1,2,0,2,2,2,2,0,1,1,1.4520219682262263,1.1845610023323172
2808-CHTDM,0,0,1,1,23,1,2,2,1,1,1,1,1,1,2,0,3,-1.3181936310507012,-0.7360185381242943
5855-EIBDE,0,0,1,0,49,1,2,1,2,2,2,2,0,2,2,0,1,1.392197276220246,1.277055001219753
3761-FLYZI,0,1,1,0,65,1,2,1,0,2,2,0,2,2,0,1,0,1.463654547227389,2.118876128227221
7251-XFOIL,0,0,0,0,61,1,2,1,0,0,2,0,0,2,0,0,3,0.8122301231622688,1.4209909284175868
8838-GPHZP,0,0,0,0,63,1,0,2,1,1,1,1,1,1,2,1,3,-1.4677553610656522,-0.4328155773067887
6651-RLGGM,1,0,1,1,67,1,2,2,1,1,1,1,1,1,2,0,3,-1.2783105030467143,-0.2606660024635865
4710-NKCAW,1,0,1,1,5,1,2,0,2,2,0,2,0,0,0,0,1,-0.012021188920128179,-0.8659689668020626
0621-TSSMU,1,0,1,0,56,1,0,2,1,1,1,1,1,1,1,0,1,-1.4893587220678117,-0.5086769801624745
0374-FIUCA,1,0,1,0,65,1,0,2,1,1,1,1,1,1,2,1,1,-1.4744025490663168,-0.38174865447721246
2908-ZTPNF,0,0,0,0,36,0,1,0,0,2,0,2,0,0,0,1,0,-0.9941432160183071,-0.44671283924313127
1459-QNFQT,1,0,1,1,70,0,1,0,2,0,2,2,2,2,2,0,0,-0.17487729493640844,0.8228351273606581
7219-TLZHO,0,0,1,1,4,1,0,2,1,1,1,1,1,1,0,0,3,-1.4594463760648215,-0.9780294281300312
2181-UAESM,1,0,0,0,2,1,0,0,2,0,2,0,0,0,0,0,2,-0.37595473195650925,-0.9530584749364761
7511-YMXVQ,1,0,0,0,9,0,1,0,0,0,0,0,2,2,0,1,2,-0.6435040489832552,-0.821012427395291
6339-TBELP,1,0,0,0,71,1,2,1,0,0,2,2,0,0,2,1,1,0.719169491152966,1.7172011399750595
1963-VAUKV,0,0,0,0,1,1,0,2,1,1,1,1,1,1,0,0,3,-1.4744025490663168,-0.9967797021711283
4104-PVRPS,1,0,1,0,24,1,0,0,2,0,0,2,0,0,0,0,3,-0.3709693409560109,-0.42546988171186484
7825-ECJRF,0,0,0,0,19,1,0,1,2,0,2,2,2,2,0,1,2,1.3905354792200795,-0.15233353679790662
5899-MQZZL,0,0,0,0,13,1,2,1,0,0,0,0,0,0,0,1,3,0.3402797751150897,-0.5648395657020431
5099-BAILX,1,1,1,1,43,1,2,1,0,2,2,2,2,2,0,1,0,1.5284646302338678,1.0624415704599484
4558-FANTW,0,0,1,1,17,1,0,1,2,0,0,2,2,0,0,0,2,0.9003053641710731,-0.3111593874989645
4079-VTGLK,1,1,1,0,30,1,2,0,0,0,2,0,2,2,2,0,2,0.33529438411459117,-0.04322900102465216
8677-HDZEE,0,0,0,0,56,1,2,1,0,2,0,2,2,2,0,1,0,1.3523141482162588,1.604677436582546
4307-KWMXE,1,0,0,0,10,0,1,0,0,2,0,2,0,0,0,0,2,-0.9642308700153169,-0.8338067320350985
6928-ONTRW,0,0,1,1,72,1,0,2,1,1,1,1,1,1,2,0,1,-1.4976677070686424,-0.3970356426071893
8851-RAGOV,0,0,1,0,25,1,0,0,2,2,0,2,0,2,0,1,3,0.2089978121019659,-0.19501798417381594
1557-EMYVT,0,0,0,0,43,1,2,1,2,2,2,2,2,2,2,0,1,1.6713791722481544,1.1538546711967796
5996-EBTKM,0,0,1,1,67,1,2,0,0,0,2,2,0,2,2,1,0,0.17077648109814536,1.0306764003197366
9938-ZREHM,0,0,1,0,37,1,2,0,0,2,0,2,0,2,1,0,3,0.2438955491054544,0.16706083713273465
1755-RMCXH,1,0,1,1,2,1,0,2,1,1,1,1,1,1,0,0,3,-1.477726143066649,-0.9880222212366395
2831-EBWRN,1,0,0,0,4,1,0,0,0,0,0,0,0,0,0,1,2,-0.626886078981594,-0.9176535457176986
3486-HOOGQ,0,0,1,1,70,1,2,0,2,2,2,2,2,0,2,0,0,0.4964886931307054,1.5280660227652165
6203-HBZPA,1,0,0,0,52,0,1,0,2,2,2,2,2,2,2,0,1,-0.028639158921789646,0.46554314072106984
4631-OACRM,1,1,0,0,15,1,0,1,0,0,0,0,0,2,0,1,2,0.48651791112970877,-0.49572826150115223
6418-PIQSP,0,0,1,0,62,1,0,0,2,0,2,2,2,2,2,0,3,0.5396954151350245,1.193914080206935
7018-FPXHH,1,0,1,1,56,1,0,0,2,2,2,0,0,0,2,1,0,-0.16490651293541178,0.5195880482512909
2462-XIIJB,1,0,0,0,5,1,2,1,0,0,2,0,2,0,0,1,2,0.9219087251732329,-0.8060563264542747
4480-QQRHC,0,1,0,0,8,1,0,1,0,0,2,0,0,0,0,1,0,0.3087056321119333,-0.7410039051046331
6374-AFWOX,1,0,1,0,46,1,0,0,2,2,2,2,0,0,2,0,3,0.0295237360840249,0.33857069674394646
8659-IOOPU,0,0,1,1,71,1,2,1,2,0,2,2,0,2,2,0,2,1.1861344481996465,2.1529575086901565
1075-BGWOH,1,1,1,0,16,1,2,1,0,0,2,0,2,2,0,1,2,1.1296333501939984,-0.3053798912651205
7284-BUYEC,0,0,0,0,5,0,1,0,0,2,0,0,2,2,0,1,1,-0.4590445819648154,-0.904572472180792
2507-QZPQS,1,0,0,0,15,1,2,1,0,2,0,2,0,2,0,0,2,1.0282637331838649,-0.3655793005100076
5536-SLHPM,0,0,1,0,55,1,2,1,0,0,2,0,0,0,0,1,2,0.43167861012422654,0.9610797949083704
5501-TVMGM,1,0,0,0,1,1,0,0,0,0,0,0,0,2,0,1,2,-0.3161300399505289,-0.9814044774574288
0208-BPQEJ,0,0,1,1,12,1,0,2,1,1,1,1,1,1,0,0,0,-1.5076384890696393,-0.9183814975334118
6900-PXRMS,1,1,1,1,26,1,2,1,0,2,2,0,2,2,0,0,2,1.3622849302172555,0.1899361714628731
5478-JJVZK,0,0,0,0,33,1,2,0,2,2,0,0,0,0,0,1,3,-0.12834697893175703,-0.10847995468767015
8620-RJPZN,0,0,0,0,1,1,0,2,1,1,1,1,1,1,0,0,2,-1.46443176706532,-0.9966473472955443
8859-DZTGQ,1,0,0,0,33,1,0,2,1,1,1,1,1,1,2,0,3,-1.4760643460664828,-0.7014739155968143
2249-YPRNG,0,0,1,1,20,1,2,1,0,2,2,0,2,2,0,1,0,1.3656085242175875,-0.017684510036898644
3594-KADLU,1,0,1,0,3,0,1,0,2,0,0,2,0,0,0,0,3,-0.9858342310174765,-0.9611762406389747
8066-POXGX,0,0,0,0,13,0,1,0,0,0,0,0,0,2,0,1,2,-0.9858342310174765,-0.8089681337171275
8189-HBVRW,0,0,0,0,53,1,2,1,2,2,2,0,0,0,0,0,2,0.8654076271675846,1.165369545372606
7501-IWUNG,0,0,1,1,61,1,0,0,0,0,2,2,2,2,2,1,0,0.3003966471111027,1.030742577757529
2335-GSODA,1,0,0,1,23,0,1,0,2,0,2,2,0,0,2,0,3,-0.8196545310008642,-0.627355185269654
2656-FMOKZ,0,1,0,0,15,1,2,1,0,0,0,0,0,0,0,1,3,0.32200000811326246,-0.5003165638547383
7208-PSIHR,0,0,1,0,70,1,2,1,0,0,2,2,2,2,2,1,0,1.3140928172124378,2.165663576746241
1074-WVEVG,0,0,1,0,59,1,0,2,1,1,1,1,1,1,1,0,3,-1.4760643460664828,-0.4468010758268541
2239-CGBUZ,0,0,1,0,51,1,0,0,2,2,0,2,0,0,1,1,0,-0.14164135493308597,0.3818066227681233
3441-CGZJH,0,0,1,1,43,0,1,0,2,0,2,2,2,2,1,1,1,-0.14496494893341827,0.1591857220354739
2410-CIYFZ,1,0,0,1,2,1,0,2,1,1,1,1,1,1,0,0,3,-1.4744025490663168,-0.9868530865023123
8606-OEGQZ,0,0,0,1,18,1,2,2,1,1,1,1,1,1,2,0,1,-1.3115464430500368,-0.8051960197629773
8221-EQDGL,1,0,1,0,35,1,0,0,2,2,2,0,0,0,0,0,3,-0.12502338493142473,-0.06586168474955299
0121-SNYRK,1,0,0,0,50,0,1,0,2,0,0,2,0,0,1,1,3,-0.9758634490164798,-0.23419502734674352
7009-LGECI,0,0,0,0,4,1,0,0,2,0,0,0,0,0,0,1,0,-0.47233895796614456,-0.9018150789394542
0988-AADSA,0,0,1,1,72,1,2,0,2,2,2,2,0,2,2,0,0,0.534710024134526,1.5640003714863309
2907-ILJBN,0,0,1,1,11,1,0,2,1,1,1,1,1,1,1,0,3,-1.4677553610656522,-0.9025871490470287
5546-BYZSM,0,0,0,0,41,1,0,2,1,1,1,1,1,1,0,0,2,-1.4727407520661506,-0.6635983620337982
9700-ISPUP,0,0,1,1,10,1,0,0,0,2,0,2,0,2,0,1,2,0.02453834508352634,-0.7336140912178477
7503-QQRVF,1,1,1,0,16,1,0,1,0,2,0,0,0,0,0,1,1,0.3170146171127639,-0.485956059853851
3256-EZDBI,1,1,1,0,51,0,1,0,0,2,0,0,0,0,0,1,1,-1.1736172920362484,-0.3619395414314417
6979-ZNSFF,0,0,0,0,8,1,2,1,0,0,0,0,2,0,0,1,2,0.7407728521551253,-0.6695543314350878
9261-WDCAF,1,0,0,0,3,1,0,0,0,0,0,0,0,2,0,0,3,-0.33607160395252245,-0.9223521438009382
6072-NUQCB,1,0,1,1,22,1,0,2,1,1,1,1,1,1,1,0,0,-1.479387940066815,-0.7903722736975453
2091-MJTFX,0,0,1,1,30,0,1,0,0,0,0,2,2,2,0,0,1,-0.4507355969639848,-0.31687270629501646
2386-LAHRK,1,0,0,0,1,1,0,0,0,0,0,0,2,0,0,1,3,-0.3742929349563432,-0.9821765475650034
3500-RMZLT,0,1,0,0,15,1,0,1,2,0,2,2,0,2,0,1,3,1.0482052971858582,-0.37632210457825965
2272-WUSPA,0,0,1,0,72,1,2,1,2,2,2,0,2,2,2,1,2,1.5284646302338678,2.4141377965096735
3401-URHDA,1,0,0,0,51,1,2,0,2,0,0,2,0,0,1,0,1,-0.1615829189350795,0.33700449738286653
5256-SKJGO,0,0,1,1,64,0,1,0,0,2,0,2,2,2,2,1,2,-0.33773340095268845,0.504609888164344
5307-UVGNB,0,0,1,1,53,0,1,0,2,2,2,0,0,2,0,1,0,-0.533825446972291,0.09505978481492162
3657-COGMW,0,1,0,0,52,1,2,1,2,2,2,0,2,2,0,0,1,1.440389389225063,1.5704195829521652
8690-ZVLCL,0,0,1,1,68,1,2,0,2,2,2,2,2,2,2,0,1,0.7723469951582818,1.7127451924970574
7408-OFWXJ,0,0,1,1,72,1,2,0,2,2,2,2,2,2,2,0,1,0.8321716871642622,1.8665194987799845
3074-GQWYX,1,0,0,0,5,1,2,1,0,0,0,0,0,0,0,1,0,0.37019212111808014,-0.8479466445766788
6221-AVQYL,1,0,0,0,2,1,2,1,0,0,0,0,0,0,0,1,1,0.28211688010927544,-0.9479628122264837
3976-HXHCE,1,0,0,0,72,1,0,2,1,1,1,1,1,1,2,0,0,-1.5109620830699715,-0.38159424045569756
9300-RENDD,1,0,0,0,1,1,0,1,0,0,0,0,2,0,0,1,2,0.5047976781315361,-0.9705072593676618
0023-HGHWL,1,1,0,0,1,0,1,0,0,0,0,0,0,0,0,1,2,-1.3181936310507012,-0.9947061424536424
2665-NPTGL,0,1,1,0,26,1,2,1,0,0,2,0,2,2,0,1,0,1.1080299891918384,0.1018981200534394
1899-VXWXM,1,0,0,0,48,1,2,1,0,2,2,0,2,2,1,1,1,1.3739175092184182,1.2366647050206367
5921-NGYRH,1,0,1,0,64,1,0,1,2,0,0,0,0,0,0,1,3,0.2920876621102721,1.0960155905664777
6234-PFPXL,1,0,1,0,22,1,2,1,2,0,0,2,2,0,0,0,1,1.0349109211845293,-0.019758069754384797
4090-KPJIP,0,0,0,0,3,1,2,1,0,0,0,0,0,0,0,1,2,0.3386179781149237,-0.9120725817972308
7698-YFGEZ,1,0,0,0,1,1,0,2,1,1,1,1,1,1,0,0,3,-1.4876969250676457,-0.9969561753385741
0225-ZORZP,1,0,0,0,3,1,0,1,0,2,0,0,0,2,0,0,2,0.6493740171459885,-0.9020797886906227
6445-TNRXS,1,0,1,1,68,1,2,1,2,2,2,2,2,2,2,1,0,1.6597465932469917,2.457439899971643
0619-OLYUR,1,0,1,0,72,1,2,1,2,0,2,2,2,2,2,1,1,1.5666859612376889,2.5550295615690706
9619-GSATL,0,0,0,0,43,1,0,0,0,2,0,2,0,0,1,0,2,-0.3094828519498643,0.07258151511153588
4132-POCZS,1,0,1,0,52,0,1,0,2,0,0,0,0,2,0,1,2,-0.8263017190015288,-0.114193273483722
5886-VLQVU,1,0,1,0,35,1,2,1,0,0,0,2,0,2,0,1,0,0.8338334841644282,0.3888876086118787
0002-ORFBO,0,0,1,1,9,1,0,0,0,2,0,2,2,0,1,1,3,0.0278619390838584,-0.7440260080971394
1852-QSWCD,1,0,1,1,64,1,2,2,1,1,1,1,1,1,2,1,3,-1.328164413051698,-0.3374538894483619
3034-ZBEQN,0,0,1,0,48,0,1,0,0,2,2,0,0,0,1,0,3,-0.9991286070188055,-0.29790184079461235
3956-CJUST,0,1,0,0,23,1,0,1,2,0,0,0,0,0,0,1,0,0.35357415111641893,-0.2806736478227337
3173-WSSUE,0,0,1,1,71,1,0,2,1,1,1,1,1,1,2,0,1,-1.4976677070686424,-0.38113099839115283
2528-HFYZX,1,1,1,0,17,1,0,1,0,2,0,0,0,0,0,1,2,0.3884718881199074,-0.4616248218922861
3146-JTQHR,1,0,1,0,10,1,0,2,1,1,1,1,1,1,1,0,0,-1.5009913010689746,-0.9221977297794234
4495-LHSSK,0,0,0,1,18,1,2,0,2,0,0,0,0,0,0,0,3,-0.23636378394255506,-0.5678175504026879
9912-GVSEQ,0,1,1,0,26,1,2,1,0,2,2,0,0,2,0,1,2,0.966777244177718,0.044919346114435044
2522-WLNSF,0,1,1,0,34,1,0,0,0,0,2,2,2,0,1,0,0,-0.018668376920792765,-0.07651625223408212
2928-HLDBA,0,0,0,0,6,1,0,2,1,1,1,1,1,1,0,0,3,-1.46443176706532,-0.9560364596371209
6621-YOBKI,1,0,0,0,5,1,0,2,1,1,1,1,1,1,0,0,3,-1.4760643460664828,-0.964860118009402
6833-JMZYP,0,0,0,0,15,1,0,1,0,0,2,0,2,2,0,1,1,0.9717626351782166,-0.34160100888333395
4232-JGKIY,1,0,0,0,1,1,0,2,1,1,1,1,1,1,0,0,2,-1.5142856770703037,-0.9973091216734653
3318-OSATS,1,1,0,0,35,1,2,1,0,0,0,0,2,2,0,1,2,1.0199547481830342,0.5269116847002843
9917-KWRBE,0,0,1,1,41,1,2,0,2,2,2,0,2,0,1,1,1,0.4516201741262198,0.41094675454258117
5919-TMRGD,0,0,0,1,1,1,0,1,0,0,0,0,2,0,0,1,2,0.48485611412954227,-0.9707719691188302
6005-OBZPH,0,1,0,0,26,1,2,1,0,2,0,0,2,0,0,1,2,0.8105683261621028,-0.0009195591295647574
5968-VXZLG,1,0,0,0,2,1,0,0,0,0,0,0,0,0,0,1,0,-0.6036209209792681,-0.96699985516468
2282-YGNOR,0,0,0,0,29,1,0,0,2,0,2,2,0,0,1,0,1,-0.22473120494139212,-0.24054806137478588
7244-KXYZN,0,0,0,0,24,1,0,2,1,1,1,1,1,1,1,0,1,-1.4727407520661506,-0.773122021579736
7055-JCGNI,0,0,0,0,70,1,2,1,2,2,2,2,2,2,2,1,1,1.5683477582378549,2.4336601406583456
1335-HQMKX,0,0,1,0,72,1,2,1,0,2,2,0,2,2,1,1,2,1.2160467942026365,2.2250688567376224
5828-AVIPD,1,0,1,1,19,1,2,1,0,0,0,2,2,2,1,1,2,1.2027524182013078,-0.1783192107042742
7181-OQCUT,1,0,0,0,21,1,2,1,2,0,2,0,2,2,0,0,3,1.2991366442109427,-0.02855966898073501
4573-JKNAE,1,0,0,1,12,1,0,2,1,1,1,1,1,1,2,0,0,-1.5093002860698053,-0.9121167000890922
9650-VBUOG,1,0,1,1,38,1,2,2,1,1,1,1,1,1,2,0,1,-1.3198554280508674,-0.5805015593128419
8510-BBWMU,0,0,0,0,41,1,0,2,1,1,1,1,1,1,1,1,3,-1.4960059100684764,-0.6497672775352477
7901-TBKJX,1,1,0,0,56,1,2,1,0,0,2,0,2,2,0,1,2,1.2060760122016398,1.4621974130161388
4298-OYIFC,1,0,1,0,15,1,2,1,0,0,2,2,2,2,0,1,2,1.285842268209614,-0.32644637562894135
7675-OZCZG,0,1,0,0,3,1,0,0,0,0,0,0,0,0,0,0,2,-0.6567984249845842,-0.9497054847550094
7009-LGECI,0,0,0,0,4,1,0,0,2,0,0,0,0,0,0,1,0,-0.47233895796614456,-0.9018150789394542
9342-VNIMQ,1,0,0,0,33,1,2,0,0,2,0,0,0,0,0,1,0,-0.33607160395252245,-0.2711220376347395
7102-JJVTX,0,0,1,1,9,1,0,0,2,0,0,0,0,0,1,0,3,-0.5371490409726233,-0.8194682871801419
5727-MYATE,1,0,1,1,72,1,2,0,2,2,2,2,2,2,2,1,1,0.8654076271675846,1.8167320064143893
5084-OOVCJ,0,0,1,1,17,1,0,0,2,0,0,2,0,0,0,1,1,-0.31280644595019663,-0.5996709571266223
3910-MRQOY,0,0,1,0,72,1,0,2,1,1,1,1,1,1,2,0,0,-1.5076384890696393,-0.34557165515086036
2888-ADFAO,0,0,1,1,47,1,0,2,1,1,1,1,1,1,2,1,0,-1.4444902030633266,-0.5461554690987381
2667-WYLWJ,0,0,1,1,8,1,0,2,1,1,1,1,1,1,1,1,3,-1.4960059100684764,-0.9418083105118178
3211-ILJTT,1,0,1,0,17,1,0,1,0,0,0,0,0,0,0,1,0,0.1873944510998066,-0.47016171136746804
6295-OSINB,1,0,1,0,72,1,2,1,2,2,2,0,2,2,2,1,2,1.4919050962302134,2.47085186069751
4013-GUXND,1,0,0,0,1,1,0,2,1,1,1,1,1,1,0,0,3,-1.461108173064988,-0.9966032290036827
3018-TFTSU,1,0,0,0,12,1,0,1,2,0,2,0,0,0,0,0,0,0.5629605731373504,-0.626980179788832
6509-TSGWN,0,0,1,1,37,1,2,2,1,1,1,1,1,1,0,0,3,-1.2733251120462157,-0.6035974851022874
5365-LLFYV,0,0,0,0,2,1,0,0,0,0,0,0,0,0,0,1,3,-0.62854787598176,-0.9591909175052115
1430-SFQSA,1,0,0,0,29,0,1,0,2,0,0,2,0,0,1,0,3,-0.9692162610158153,-0.5325670352054254
3094-JOJAI,1,0,0,0,18,1,2,1,0,0,0,0,0,0,0,0,3,0.31202922611226586,-0.39385912559316816
6400-BWQKW,0,0,0,0,6,1,2,1,2,0,0,0,0,0,0,1,2,0.4748853321285456,-0.8140858555730505
4280-DLSHD,1,0,1,0,8,1,0,0,0,2,2,0,0,0,0,1,3,-0.3327480099521901,-0.809078429446781
0193-ESZXP,0,1,1,0,58,1,0,1,2,2,0,2,2,2,1,1,1,1.3539759452164248,1.73198076774863
6133-OZILE,0,0,0,0,18,0,1,0,0,0,2,2,0,0,0,1,2,-0.9825106370171443,-0.7378494472365427
9862-KJTYK,1,0,0,1,19,0,1,0,0,0,0,0,0,0,0,1,1,-1.3098846460498705,-0.7560261834834415
9896-UYMIE,1,0,0,0,66,1,2,1,2,2,2,2,2,2,1,1,0,1.6464522172456624,2.2517824824597032
3768-VHXQO,1,0,1,0,67,1,2,2,1,1,1,1,1,1,2,0,1,-1.3265026160515319,-0.30716668208550735
7108-DGVUU,0,1,1,0,21,1,2,0,0,2,2,0,0,2,1,0,0,0.2306011731041257,-0.345306945399692
4080-OGPJL,0,0,0,0,8,1,2,0,2,0,0,2,0,2,0,0,2,0.21232140610229844,-0.7571070816340459
4660-IRIBM,1,0,1,1,18,1,0,1,2,0,2,0,2,0,0,1,3,0.7690234011579498,-0.3437848643304735
3716-LRGXK,1,0,1,0,60,1,2,1,0,0,2,0,2,2,2,0,1,1.2093996062019723,1.6710534066880298
2988-PLAHS,0,0,0,0,3,1,0,0,0,0,2,0,2,2,1,1,2,0.1724382780983114,-0.9085210593023878
3926-YZVVX,0,0,0,0,41,1,0,0,0,0,0,2,0,0,1,0,0,-0.4889569279678058,-0.11059763269701757
5624-RYAMH,0,0,0,0,9,1,0,2,1,1,1,1,1,1,0,1,2,-1.504314895069307,-0.9268742687167323
5294-DMSFH,0,0,1,1,29,1,0,1,0,0,0,0,2,2,0,1,1,0.7656998071576172,0.1508914831655297
1324-NLTJE,0,1,0,0,15,1,2,0,0,0,0,2,0,0,0,0,1,-0.3244390249513595,-0.6717602460281581
3571-DPYUH,1,0,1,1,58,1,2,1,0,2,0,2,2,0,1,1,1,0.9950277931805424,1.3899978283849497
4274-DRSQT,0,0,0,0,66,1,2,1,0,2,0,0,2,0,1,1,0,0.8022593411612722,1.6413617962653047
0114-RSRRW,0,0,1,0,10,1,0,2,1,1,1,1,1,1,0,1,0,-1.4893587220678117,-0.9229477407410672
2664-XJZNO,1,0,1,1,72,1,0,1,2,0,2,2,2,2,2,1,1,1.3340343812144315,2.3293644986979842
2027-OAQQC,0,0,0,0,43,0,1,0,0,0,2,0,2,2,0,1,0,-0.5221928679711283,-0.08979585808436519
1131-SUEKT,1,0,1,1,61,1,0,1,0,2,0,2,2,2,1,1,0,1.1196625681930017,1.705377437756203
7310-EGVHZ,1,0,0,0,1,1,0,2,1,1,1,1,1,1,0,0,0,-1.481049737066981,-0.9968679387548512
9692-TUSXH,0,0,0,0,18,1,0,1,2,0,0,0,2,2,0,1,2,1.0398963121850275,-0.23781272727937874
3714-JTVOV,0,1,1,0,42,1,0,1,2,0,0,0,0,0,0,1,1,0.31202922611226586,0.41897628366135703
8329-UTMVM,1,1,0,0,27,1,2,1,0,2,0,2,2,2,1,1,0,1.325725396213601,0.30188633706118817
8807-OPMBM,0,0,1,1,55,1,2,2,1,1,1,1,1,1,2,1,1,-1.2999138640488739,-0.3934179426745541
2506-TNFCO,0,1,1,0,1,1,0,1,0,0,0,0,0,0,0,1,2,0.15914390209698223,-0.9750955617212478
3754-DXMRT,1,1,0,0,2,1,0,0,0,0,0,0,0,0,0,1,2,-0.6850489739874083,-0.9649042363012633
0023-UYUPN,0,1,1,0,50,1,2,2,1,1,1,1,1,1,1,0,2,-1.3148700370503688,-0.429462587125322
6701-DHKWQ,0,0,1,1,61,0,1,0,0,2,2,2,2,0,2,0,1,-0.44575020596348647,0.42559402744056773
5472-CVMDX,0,0,0,0,68,0,1,0,2,0,2,2,0,0,2,0,3,-0.8595376590048512,0.19388475858446874
7426-GSWPO,1,1,0,0,64,1,2,1,2,2,0,0,2,2,0,1,0,1.28750406520978,1.8833726862710412
0999-QXNSA,1,1,0,1,7,1,0,0,0,0,0,0,0,0,0,1,3,-0.6318714699820923,-0.8539246731238991
4730-AWNAU,1,0,1,1,36,0,1,0,2,0,2,2,2,2,1,0,1,-0.1349941669324214,-0.019934542921830258
5732-IKGQH,1,1,1,0,52,1,0,1,2,0,2,2,2,2,1,1,0,1.3190782082129364,1.4124540389424047
2446-BEGGB,0,1,0,0,6,1,2,1,0,2,0,0,2,2,0,1,2,1.113015380192337,-0.7584526895358188
9987-LUTYD,0,0,0,0,13,1,0,0,2,0,0,2,0,0,1,0,3,-0.3194536339508612,-0.6780250434724775
7328-OWMOM,0,0,0,1,31,1,0,2,1,1,1,1,1,1,1,0,1,-1.4843733310673135,-0.7458127989175263
2404-JIBFC,0,0,1,1,55,1,2,0,2,0,2,2,2,2,2,1,0,0.6759627691486464,1.0492281420474576
9957-YODKZ,1,1,1,0,6,1,2,1,0,0,2,0,0,0,0,1,2,0.53304822713436,-0.804115121612373
6689-KXGBO,0,0,0,0,1,1,0,0,0,2,0,0,0,0,0,0,2,-0.47233895796614456,-0.9834780371749148
5155-AZQPB,0,0,1,1,28,1,2,0,0,0,0,0,0,0,0,0,3,-0.49394231896830415,-0.3836016227353915
2777-PHDEI,0,0,0,0,1,1,0,1,0,0,0,0,2,0,0,0,2,0.44164939212522314,-0.9713455069130283
4698-KVLLG,0,1,0,0,51,1,0,2,1,1,1,1,1,1,2,0,1,-1.5009913010689746,-0.5787588867843163
3372-KWFBM,1,1,0,0,16,1,2,1,0,0,0,0,2,0,0,1,2,0.7258166791536301,-0.4406245149662574
8695-WDYEA,1,0,0,0,1,1,0,0,2,0,0,0,0,0,0,0,3,-0.44907379996381874,-0.983169209131885
9134-CEQMF,1,1,1,0,7,1,0,1,0,0,0,0,2,2,0,1,2,0.8222009051632655,-0.7072313526847276
9259-PACGQ,0,0,1,0,34,1,2,0,2,2,0,2,0,0,0,0,2,-0.07018408392594272,-0.002132812155753394
9441-QHEVC,1,0,0,0,1,1,0,2,1,1,1,1,1,1,0,0,3,-1.517609271070636,-0.9973532399653268
5949-XIKAE,0,0,1,1,8,1,0,1,0,2,0,0,2,0,0,1,2,0.6244470621434968,-0.7057533899073706
8375-KVTHK,1,0,1,0,68,1,0,1,0,2,0,2,2,2,1,1,2,1.1811490571991479,1.9741240126299515
3365-SAIGS,0,0,0,0,17,1,0,1,0,2,0,0,2,0,0,1,2,0.6244470621434968,-0.4193815574349909
3324-OIRTO,1,0,1,1,71,1,0,1,2,2,2,0,2,2,1,1,0,1.325725396213601,2.2097377503157842
7233-PAHHL,1,0,1,1,66,1,2,0,2,0,2,2,2,2,2,1,3,0.6394032351449919,1.5152496589794784
1216-JWVUX,1,0,1,1,25,1,0,1,0,2,0,0,0,0,0,1,2,0.356897745116751,-0.1670690462796159
7161-DFHUF,0,0,1,0,71,1,2,2,1,1,1,1,1,1,2,0,3,-1.3597385560548543,-0.26807787549630263
1069-QJOEE,1,0,1,1,25,1,0,2,1,1,1,1,1,1,1,0,2,-1.491020519067978,-0.7827839274973836
2821-WARNZ,0,0,0,1,49,1,0,2,1,1,1,1,1,1,1,0,1,-1.505976692069473,-0.5993180107917311
9917-KWRBE,0,0,1,1,41,1,2,0,2,2,2,0,2,0,1,1,1,0.4516201741262198,0.41094675454258117
3200-MNQTF,1,0,1,0,67,1,2,0,2,2,2,2,0,0,2,0,1,0.20401242110146783,1.0576767949389168
4568-KNYWR,1,0,0,0,52,1,0,0,2,2,0,0,2,0,2,1,1,-0.0502425199239492,0.4688520126106752
0428-IKYCP,1,0,1,0,22,1,0,1,0,0,2,0,2,0,0,1,0,0.7391110551549593,-0.18930466537776397
9391-EOYLI,1,1,1,0,12,1,0,1,0,0,0,0,0,2,0,1,2,0.5214156481331973,-0.586567824443785
7622-NXQZR,1,0,0,0,28,0,1,0,0,0,0,2,0,0,0,1,1,-1.152013931034089,-0.6480466641526529
8410-BGQXN,1,0,0,0,4,1,0,2,1,1,1,1,1,1,0,0,3,-1.5076384890696393,-0.9645733491123027
2391-SOORI,1,0,0,1,4,1,0,0,2,0,0,0,0,0,0,0,2,-0.5122220859701314,-0.9088740056372789
0325-XBFAC,1,0,0,0,8,1,0,1,0,0,2,0,2,2,0,1,2,0.9950277931805424,-0.679172119060874
8644-XYTSV,1,0,1,0,42,0,1,0,2,0,0,0,2,0,0,1,0,-0.8179927340006982,-0.2883943488984796
1846-XWOQN,0,1,0,0,1,1,0,1,0,0,0,0,0,0,0,1,2,0.179085466098976,-0.9748308519700793
2369-UAPKZ,1,0,0,0,5,1,2,1,0,2,2,0,2,2,0,0,3,1.3074456292117733,-0.7667028101139015
9095-HFAFX,0,0,0,0,5,1,0,1,0,0,0,0,2,0,0,1,1,0.5396954151350245,-0.8338949686188213
1915-IOFGU,0,0,0,0,1,1,0,1,0,0,0,0,0,0,0,0,2,0.19071804510013865,-0.9746764379485645
9995-HOTOH,1,0,1,1,63,0,1,0,2,2,2,0,2,2,2,0,2,-0.19149526493806968,0.6299499553425955
4114-QMKVN,0,0,1,1,56,1,2,0,2,2,0,0,0,2,1,0,0,0.13255515009432434,0.6775094739691901
8083-YTZES,1,0,0,0,4,1,2,1,0,0,0,0,0,0,0,1,2,0.31867641411292996,-0.888711946256617
1552-AAGRX,0,0,0,0,30,1,2,1,2,0,0,2,2,2,0,0,0,1.3838882912194153,0.4112555825856111
5419-KLXBN,0,0,1,1,25,1,0,1,0,2,2,0,2,0,0,1,0,0.8105683261621028,-0.009699099209984387
5944-UGLLK,1,0,0,0,53,0,1,0,0,0,2,2,2,2,1,0,1,-0.32776261895169184,0.3379530406578867
0366-NQSHS,1,0,0,0,2,1,0,2,1,1,1,1,1,1,0,0,3,-1.5093002860698053,-0.9853310054330938
4989-LIXVT,1,1,0,0,68,1,2,1,0,2,2,0,0,2,0,1,2,1.0349109211845293,1.8633209226200327
4609-KNNWG,0,0,1,1,27,1,0,2,1,1,1,1,1,1,2,0,3,-1.491020519067978,-0.7630851101812663
0825-CPPQH,0,0,1,0,71,1,0,2,1,1,1,1,1,1,2,0,1,-1.517609271070636,-0.4002783370590025
3167-SNQPL,1,1,1,1,38,1,2,1,0,2,0,0,2,2,0,0,2,1.2093996062019723,0.6450604703051267
7207-RMRDB,0,0,1,1,65,1,2,1,0,2,2,0,2,2,0,1,2,1.3539759452164248,2.0761696217053807
0780-XNZFN,1,0,0,0,57,1,0,2,1,1,1,1,1,1,2,0,0,-1.4660935640654862,-0.5091843405188807
4844-JJWUY,0,1,0,0,1,1,0,1,0,2,0,0,0,2,0,1,2,0.7058751151516368,-0.9678381027100468
9651-GTSAQ,0,0,1,0,53,1,0,1,2,2,2,0,2,2,1,1,0,1.3739175092184182,1.539735310962558
9995-HOTOH,1,0,1,1,63,0,1,0,2,2,2,0,2,2,2,0,2,-0.19149526493806968,0.6299499553425955
8990-ZXLSU,0,0,0,0,9,1,0,1,0,0,0,0,0,0,0,0,2,0.142525932095321,-0.7183491622338016
6575-SUVOI,0,1,1,0,25,1,2,0,2,0,0,2,2,0,0,1,1,0.1574821050968162,-0.23254059140194083
9512-PHSMG,0,0,1,0,10,1,0,2,1,1,1,1,1,1,0,1,3,-1.4694171580658184,-0.894270851031154
9820-RMCQV,0,0,0,0,11,1,0,0,2,0,0,0,0,0,0,0,1,-0.5388108379727895,-0.7847471914852161
6435-SRWBJ,0,0,0,0,5,1,2,1,0,0,2,2,0,0,0,1,2,0.5978583101408388,-0.8214756694598357
1452-UZOSF,1,0,1,1,72,1,2,1,2,2,2,2,2,0,2,1,1,1.3739175092184182,2.3245335457391603
7054-ENNGU,0,0,1,0,9,1,0,0,0,2,0,0,0,0,0,0,3,-0.4623681759651477,-0.7999238838855395
7753-USQYQ,1,0,0,0,55,1,0,0,0,2,0,2,0,2,1,1,2,-0.018668376920792765,0.5945229669778874
4002-BQWPQ,1,0,0,0,25,1,2,0,2,2,2,2,0,2,0,0,0,0.5646223701375164,-0.11070792842667107
0696-UKTOX,1,0,0,1,23,1,0,0,0,2,0,2,0,0,0,0,2,-0.35268957395418365,-0.4267493121758455
9574-BOSMD,1,0,1,1,68,1,2,2,1,1,1,1,1,1,2,0,0,-1.3082228490497045,-0.29097526897237175
9572-WUKSB,1,0,1,0,3,0,1,0,0,0,0,2,0,0,0,1,2,-1.1586611190347533,-0.9650807094687089
5349-AZPEW,0,0,1,1,5,0,1,0,0,0,0,0,0,0,0,0,3,-1.3198554280508674,-0.9504113774247918
7748-UMTRK,0,1,0,1,30,1,2,1,0,0,0,2,2,2,0,1,2,1.2143849972024705,0.3065187577066357
6032-IGALN,0,0,0,0,1,0,1,0,0,0,0,0,0,0,0,1,3,-1.3181936310507012,-0.9947061424536424
0887-HJGAR,1,0,0,0,1,1,0,0,0,0,0,0,0,0,0,1,3,-0.6335332669822583,-0.985617774330193
1555-DJEQW,0,0,1,1,70,1,2,1,2,2,2,2,2,2,2,1,0,1.6431286232453304,2.401872911372203
2499-AJYUA,0,1,1,0,72,1,2,1,0,2,2,2,2,2,2,1,1,1.5301264272340338,2.471734226534738
5014-GSOUQ,1,0,0,0,13,1,0,2,1,1,1,1,1,1,2,0,3,-1.4893587220678117,-0.8982856155905418
7537-CBQUZ,1,1,0,0,63,1,2,1,2,2,2,0,2,2,0,1,0,1.4835961112293827,2.0963757993779044
8226-BXGES,1,0,1,0,64,1,2,1,2,2,2,0,0,0,1,0,0,0.8205391081630994,1.5057201079374147
1569-TTNYJ,1,0,1,0,5,1,2,1,0,2,0,0,0,0,0,1,2,0.464914550127549,-0.8239683529500051
2800-VEQXM,0,0,0,0,3,1,0,1,0,0,2,0,0,0,0,1,3,0.3319707901142591,-0.9007341807888498
3488-PGMQJ,1,1,0,0,8,1,0,1,0,2,0,0,0,0,0,1,2,0.3236618051134285,-0.7381803344255032
3402-XRIUO,0,1,1,0,22,1,2,0,2,2,0,2,0,0,0,1,3,-0.04027173792295256,-0.3961532767699612
5858-EAFCZ,1,0,0,0,1,1,0,0,0,0,0,0,0,0,0,0,3,-0.6750781919864114,-0.9861692529784606
0529-ONKER,1,1,0,0,15,1,2,1,0,0,0,0,0,0,0,0,2,0.36188313611724954,-0.49989744008205494
5093-FEGLU,0,0,1,0,47,1,0,2,1,1,1,1,1,1,2,0,0,-1.4993295040688086,-0.5992077150620776
2387-KDZQY,1,0,0,0,17,1,0,2,1,1,1,1,1,1,1,1,3,-1.4843733310673135,-0.8824692079582281
6048-QBXKL,0,1,0,0,2,1,2,0,0,2,0,0,0,0,0,1,1,-0.2729233179462098,-0.9536099535847437
9233-PSYHO,0,1,0,0,45,1,2,1,0,0,2,0,2,2,1,1,0,1.1761636661986499,0.9618077467240838
9769-TSBZE,0,0,0,1,70,1,2,0,2,2,0,2,0,0,2,0,2,0.04115631508518757,1.1522664126897688
3896-ZVNET,0,0,1,1,24,1,2,2,1,1,1,1,1,1,2,0,3,-1.33148800705203,-0.7535334999932721
8564-LDKFL,1,0,1,0,40,1,2,1,0,2,2,0,2,2,1,1,0,1.3705939152180862,0.8377691691557435
0778-NELLA,1,0,0,0,9,0,1,0,0,0,0,0,2,0,0,1,1,-0.9991286070188055,-0.875145571509235
3523-BRGUW,1,1,0,0,26,1,0,2,1,1,1,1,1,1,1,0,1,-1.5109620830699715,-0.7833354061456511
2954-PIBKO,0,0,1,1,69,1,2,0,2,0,2,2,0,0,2,1,1,-0.020330173920958795,0.8710564203651738
0383-CLDDA,0,0,0,0,69,1,2,0,2,0,2,2,2,2,2,1,1,0.684271754149477,1.5960523105236413
5868-YWPDW,1,1,1,0,6,1,0,1,0,2,0,0,0,2,0,1,2,0.6460504231456565,-0.7767397215123711
3645-DEYGF,1,0,0,1,1,1,0,2,1,1,1,1,1,1,0,0,3,-1.462769970065154,-0.9966252881496135
6048-UWKAL,0,1,1,0,69,1,2,1,0,2,0,2,2,2,2,0,1,1.3506523512160928,2.082037354522948
6203-HBZPA,1,0,0,0,52,0,1,0,2,2,2,2,2,2,2,0,1,-0.028639158921789646,0.46554314072106984
0254-FNMCI,0,0,0,0,72,1,0,1,2,2,2,2,2,2,2,1,2,1.5002140812310438,2.3578869743863824
0516-UXRMT,0,0,0,0,62,1,2,1,2,2,2,0,0,0,1,1,2,0.9069525521717376,1.5335808092478922
2522-AHJXR,1,0,1,0,60,1,2,1,2,0,2,2,2,2,0,1,0,1.4852579082295487,1.8940493129015015
8570-KLJYJ,0,0,0,0,36,1,2,0,2,0,0,0,0,0,1,0,3,-0.3427187919531868,-0.17039997731515197
5081-NWSUP,0,0,0,0,10,1,0,0,0,2,0,2,0,2,1,0,3,0.004596781081533054,-0.7033268838549933
4000-VGMQP,1,0,1,1,38,1,2,0,0,2,2,0,2,2,1,0,1,0.47156173812821356,0.25712832996779295
2925-MXLSX,0,0,0,0,30,1,2,0,0,2,2,0,2,0,1,1,1,0.13920233809498894,-0.10634021753239195
1735-XMJVH,1,0,1,1,8,1,0,2,1,1,1,1,1,1,0,1,3,-1.5093002860698053,-0.9384553203303511
0356-OBMAC,0,1,0,0,56,1,2,1,0,2,2,2,2,0,2,1,0,1.1678546811978192,1.5117422547764967
5766-FTRTS,1,0,1,0,72,1,0,0,2,2,2,2,2,2,2,0,3,0.6543594081464871,1.6559208325795682
3144-AUDBS,0,0,1,0,6,1,0,0,0,0,0,2,0,0,0,1,2,-0.518869273970796,-0.8863074993501704
2369-UAPKZ,1,0,0,0,5,1,2,1,0,2,2,0,2,2,0,0,3,1.3074456292117733,-0.7667028101139015
2474-LCNUE,0,0,1,0,23,1,2,0,0,0,0,2,2,2,0,1,1,0.2954112561106046,-0.28102659415762493
2430-USGXP,1,0,1,0,24,1,2,1,0,0,2,0,2,2,0,1,2,1.2060760122016398,0.04944147103022905
9398-MMQTO,1,0,0,0,3,1,0,1,0,2,0,0,0,0,0,0,1,0.32200000811326246,-0.9082342904052887
8610-WFCJF,0,0,1,1,49,1,2,1,0,0,0,0,2,2,0,1,2,1.0249401391835322,1.1046186574794516
5215-LNLDJ,0,0,1,1,7,0,1,0,0,0,0,0,0,0,0,1,2,-1.33148800705203,-0.9400215196914309
5451-YHYPW,0,1,1,0,72,1,2,1,2,2,2,2,2,2,2,1,1,1.6946443302504801,2.7194363761905964
7025-IWFHT,1,0,0,0,41,1,0,1,0,2,0,2,2,0,1,1,2,0.8238627021634315,0.6397221569898968
6356-ELRKD,0,0,0,0,1,1,0,1,2,0,0,0,2,2,0,1,2,1.0249401391835322,-0.9636027466913519
7825-GKXMW,0,0,0,0,1,1,0,0,0,0,0,0,0,0,0,0,2,-0.6302096729819263,-0.9855736560383315
8361-LBRDI,0,0,0,0,58,1,2,2,1,1,1,1,1,1,2,0,1,-1.343120586053193,-0.3776015350422404
4289-DTDKW,1,0,1,0,40,1,2,1,0,2,0,0,2,2,0,1,2,1.2143849972024705,0.8088496288405929
9313-QOLTZ,1,0,0,0,26,1,0,2,1,1,1,1,1,1,0,0,3,-1.4577845790646555,-0.7771147269931931
7025-WCBNE,1,1,0,0,47,1,2,0,0,2,0,2,0,0,2,0,0,-0.17155370093607614,0.20923792415223777
6008-NAIXK,1,1,0,0,54,0,1,0,0,2,2,0,2,2,1,1,2,-0.3094828519498643,0.30318782667109956
5832-XKAES,1,0,0,0,2,1,0,1,0,0,0,0,0,0,0,1,1,0.16745288709781284,-0.9463524945735426
2616-FLVQC,1,0,0,0,64,1,0,2,1,1,1,1,1,1,2,0,3,-1.502653098069141,-0.4586468371916413
3750-RNQKR,0,0,0,0,12,1,0,2,1,1,1,1,1,1,0,0,3,-1.505976692069473,-0.8971385400021453
8058-JMEQO,0,1,0,0,9,1,2,1,0,0,0,0,0,2,0,1,2,0.6543594081464871,-0.6693778582676422
4950-HKQTE,0,0,0,0,22,1,2,2,1,1,1,1,1,1,2,0,3,-1.2799723000468803,-0.7384671033226022
5383-MMTWC,0,1,1,0,8,1,2,1,0,0,0,0,0,2,0,1,2,0.6394032351449919,-0.735158231432997
0772-GYEQQ,1,0,0,0,3,1,0,1,0,0,2,2,2,0,0,1,3,0.7839795741594444,-0.8901678498880433
9402-CXWPL,0,0,0,0,70,1,2,1,0,2,0,0,2,2,1,0,2,1.1346187411944968,2.011293673523185
5572-ZDXHY,0,0,0,0,22,1,0,1,0,2,0,0,0,2,0,1,3,0.6493740171459885,-0.1870987507846937
4445-ZJNMU,1,0,0,0,9,1,2,1,0,2,0,0,2,2,0,1,1,1.1479131171958254,-0.6004430272341968
0112-QAWRZ,1,0,1,1,16,1,2,1,0,0,2,0,2,0,0,1,0,0.8654076271675846,-0.3695058284856726
2931-SVLTV,1,0,1,1,40,1,2,1,2,2,0,2,2,2,0,1,1,1.506861269231708,0.9659107478671946
7579-OOPEC,0,1,1,0,2,1,0,0,0,2,0,0,0,0,0,0,1,-0.4856333339674735,-0.954999679778378
1173-XZPYF,0,0,0,0,11,1,2,1,0,0,2,0,2,0,0,1,2,0.8122301231622688,-0.5688763894073616
6746-WAUWT,1,0,0,0,19,1,0,2,1,1,1,1,1,1,1,1,1,-1.4976677070686424,-0.8352626356665248
7802-EFKNY,1,0,1,0,5,0,1,0,0,0,0,0,0,0,0,1,2,-1.3231790220511994,-0.9614850686820045
1541-ETJZO,1,0,0,0,1,1,2,0,0,0,2,2,0,0,0,0,3,-0.09012564792793624,-0.9784044336108532
2085-BOJKI,1,0,1,0,17,1,0,1,0,0,2,0,2,2,1,1,0,1.0598378761870213,-0.30507106322209065
5533-NHFRF,1,1,0,0,7,0,1,0,0,2,0,2,0,2,0,1,2,-0.6767399889865777,-0.8885134139432407
9763-GRSKD,1,0,1,1,13,1,0,0,2,0,0,0,0,0,0,1,3,-0.4922805219681379,-0.7466069281710316
0907-HQNTS,0,1,1,0,70,1,2,1,2,2,2,2,2,2,2,1,1,1.6032454952413433,2.5182128470107283
6500-JVEGC,1,0,0,0,68,1,2,1,2,2,2,0,2,0,1,0,0,1.2160467942026365,2.1313616048239985
4548-SDBKE,0,0,0,0,5,1,2,1,0,0,0,0,2,0,0,1,2,0.6792863631489789,-0.7963061839529043
4391-LNRXK,1,0,0,0,22,1,0,1,0,2,2,2,0,2,0,1,0,1.003336778181373,-0.06041307570466931
5569-OUICF,0,1,1,0,28,1,2,1,0,0,0,2,2,2,0,1,1,1.2143849972024705,0.23491477001557537
5777-ZPQNC,0,0,0,0,12,1,0,2,1,1,1,1,1,1,1,0,2,-1.4827115340671475,-0.8907634468281722
8760-ZRHKE,0,1,1,1,71,1,2,0,2,2,0,0,2,0,1,0,2,0.14751132309581955,1.1924140582836475
5469-CTCWN,1,0,1,1,61,1,2,1,2,2,0,0,2,2,1,1,2,1.3705939152180862,1.882953562498358
1813-JLKWR,0,0,1,1,64,1,0,2,1,1,1,1,1,1,1,0,0,-1.4943441130683104,-0.4160726855453855
8818-DOPVL,0,1,0,0,46,1,2,1,0,2,2,0,2,2,0,1,2,1.3190782082129364,1.1400677049900907
7598-UAASY,1,0,1,0,2,1,0,1,0,0,2,0,0,0,0,0,2,0.3868100911197414,-0.9388082666652422
3845-JHAMY,0,0,1,1,16,0,1,0,0,0,0,0,0,2,0,1,1,-0.9725398550161476,-0.7619380345928698
6738-ISCBM,1,0,0,0,44,0,1,0,2,0,2,0,2,2,1,1,2,-0.357674964954682,0.07081678343707967
3951-NJCVI,0,1,1,0,42,1,2,1,0,0,0,0,2,2,0,1,2,1.0066603721817051,0.7344661887622639
3669-OYSJI,1,0,0,0,1,1,0,0,0,0,0,0,0,0,0,0,1,-0.6169152969805971,-0.985397182870886
8457-XIGKN,1,0,0,0,20,1,0,2,1,1,1,1,1,1,0,1,1,-1.5009913010689746,-0.8486525372464612
2232-DMLXU,0,0,1,0,1,1,0,0,0,0,0,0,2,0,0,0,3,-0.31779183695069496,-0.9814265366033595
1897-RCFUM,0,0,1,1,39,1,2,2,1,1,1,1,1,1,1,1,3,-1.3481059770536914,-0.6022739363464452
0164-APGRB,0,0,0,0,72,1,2,1,2,2,2,2,2,2,2,1,2,1.6663937812476561,2.742819070877141
7173-TETGO,0,1,1,0,72,1,2,1,2,0,0,0,0,0,2,0,0,0.45660556512671835,1.4658371720947048
2408-TZMJL,1,0,1,0,59,1,2,1,2,2,2,0,2,2,1,1,2,1.5085230662318745,1.8389896846584681
9667-EQRXU,0,1,0,0,30,0,1,0,0,0,2,0,2,0,0,1,2,-0.8130073430001998,-0.48829432932250544
2908-ZTPNF,0,0,0,0,36,0,1,0,0,2,0,2,0,0,0,1,0,-0.9941432160183071,-0.44671283924313127
3084-DOWLE,0,0,1,0,72,1,2,0,2,2,2,2,2,2,2,0,0,0.9052907551715716,1.850614854563948
2243-FNMMI,1,0,0,0,20,1,0,2,1,1,1,1,1,1,0,0,3,-1.5076384890696393,-0.8225124493185787
7698-YFGEZ,1,0,0,0,1,1,0,2,1,1,1,1,1,1,0,0,3,-1.4876969250676457,-0.9969561753385741
8695-ARGXZ,1,1,1,0,34,1,2,1,0,0,0,0,0,0,0,1,2,0.358559542116917,0.06426521709566108
4958-XCBDQ,1,1,0,0,35,1,2,1,0,0,2,0,2,2,0,1,2,1.217708591202803,0.5367280046394469
5016-IBERQ,1,0,1,0,23,1,2,1,0,2,2,0,0,0,0,0,2,0.6477122201458225,-0.1374877315865439
3882-IYOIJ,0,0,1,1,60,1,2,1,2,2,2,2,2,2,2,0,1,1.6780263602488188,1.9759328625962689
9917-KWRBE,0,0,1,1,41,1,2,0,2,2,2,0,2,0,1,1,1,0.4516201741262198,0.41094675454258117
3170-NMYVV,0,0,1,1,50,1,0,2,1,1,1,1,1,1,2,0,0,-1.4827115340671475,-0.5950826547730361
3318-ISQFQ,0,0,0,0,20,1,0,2,1,1,1,1,1,1,0,1,0,-1.504314895069307,-0.8235712883232525
1587-FKLZB,1,1,1,1,66,1,2,1,0,0,2,0,2,2,0,1,1,1.15456030519649,2.004036214511984
6333-YDVLT,1,0,0,0,65,1,2,1,2,0,2,2,2,2,1,1,1,1.503537675231376,2.1436706082533306
7402-EYFXX,1,1,0,0,26,1,2,1,0,0,0,0,2,2,0,1,2,0.9584682591768874,0.05486802092918174
9850-OWRHQ,0,0,1,0,3,1,2,1,0,0,0,0,0,0,0,1,1,0.31036742911209936,-0.9051901282668517
6502-MJQAE,1,0,0,0,1,1,0,1,0,0,0,0,0,0,0,1,2,0.16080569909714826,-0.9750735025753172
5696-EXCYS,1,0,0,0,17,1,0,2,1,1,1,1,1,1,2,0,1,-1.505976692069473,-0.84296127759634
0991-BRRFB,1,0,0,0,18,1,0,0,2,0,0,0,0,0,0,0,2,-0.5105602889699654,-0.6198330165072844
8051-HJRLT,0,1,0,0,1,1,0,1,0,0,0,0,0,0,0,1,2,0.19237984210030468,-0.9746543788026337
4132-KALRO,0,0,0,0,4,1,2,1,0,0,0,2,2,2,0,1,3,1.1994288242009752,-0.8296375534541957
4237-RLAQD,1,0,0,0,1,1,0,0,0,0,0,0,0,0,0,1,3,-0.62854787598176,-0.9855515968924009
3261-CQXOL,0,0,1,1,71,1,2,2,1,1,1,1,1,1,2,0,0,-1.3065610520495383,-0.2057607882420681
5220-AGAAX,1,0,1,1,68,1,2,2,1,1,1,1,1,1,2,1,0,-1.3547531650543558,-0.2715191022614922
1231-YNDEK,1,0,0,0,58,1,0,2,1,1,1,1,1,1,2,1,0,-1.51594747407047,-0.5489349214860066
8519-IMDHU,1,1,1,0,15,1,2,1,0,0,0,0,0,2,0,1,0,0.6925807391503077,-0.4121461575697205
8008-ESFLK,0,0,1,0,53,1,0,1,2,2,2,2,2,2,1,0,2,1.5201556452330371,1.568743087861432
9847-HNVGP,1,0,0,0,17,1,0,2,1,1,1,1,1,1,1,0,3,-1.4893587220678117,-0.8687484191893312
3230-IUALN,0,0,1,1,45,1,0,0,2,0,2,2,2,2,2,1,3,0.5396954151350245,0.5531841275037508
3969-JQABI,0,0,1,0,58,1,0,0,2,2,0,0,2,0,0,1,1,0.016229360082695727,0.6670093205061757
1582-RAFML,1,0,0,0,1,1,2,0,0,2,0,2,0,0,0,0,3,-0.1549357309344149,-0.9792647403021507
8696-JKZNU,0,1,0,0,37,1,2,1,0,0,0,0,0,0,0,1,2,0.3818247001192428,0.2478634886768979
2967-MXRAV,1,0,1,1,1,1,0,2,1,1,1,1,1,1,1,0,3,-1.5275800530716328,-0.9974855948409108
7952-OBOYL,1,0,0,0,3,1,0,1,0,0,2,2,2,0,0,1,3,0.8338334841644282,-0.8979326692556505
9436-ZBZCT,1,0,0,0,14,1,2,1,0,0,0,2,2,0,0,1,2,0.8371570781647607,-0.48588988241605885
9093-FPDLG,0,0,0,0,11,1,0,1,0,2,2,2,0,2,0,1,2,0.9784098231788811,-0.5646410333886667
5982-PSMKW,0,0,1,1,23,1,2,0,2,2,2,2,2,2,2,1,1,0.8753784091685812,-0.03592742372158956
5236-PERKL,0,0,0,0,57,1,2,1,2,2,2,0,2,2,2,1,0,1.6015836982411773,1.846467735128976
9820-RMCQV,0,0,0,0,11,1,0,0,2,0,0,0,0,0,0,0,1,-0.5388108379727895,-0.7847471914852161
4350-ZTLPI,0,0,1,0,53,1,2,1,0,2,2,2,2,2,1,1,0,1.4686399382278874,1.5169923315080036
4686-GEFRM,1,0,1,0,70,1,2,1,0,2,2,2,0,2,2,1,0,1.1279715531938321,2.02024968677105
6901-GOGZG,1,0,0,1,60,1,2,0,2,0,2,2,2,2,2,1,2,0.6709773781481484,1.1934508381423907
5730-DBDSI,1,0,0,0,66,1,0,2,1,1,1,1,1,1,2,0,0,-1.4976677070686424,-0.4526246903525596
3392-EHMNK,0,0,1,1,67,1,2,1,0,2,0,2,2,0,2,0,1,0.9750862291785486,1.7749078657297772
7908-QCBCA,0,0,1,0,1,1,0,1,0,0,0,0,0,0,0,1,3,0.15415851109648415,-0.9751617391590399
9919-FZDED,1,1,1,0,72,1,2,0,2,2,2,0,2,2,2,1,1,0.642726829145324,1.633221971416875
3724-UCSHY,1,0,1,1,6,1,0,2,1,1,1,1,1,1,0,0,3,-1.502653098069141,-0.9515584530131883
3500-NSDOA,1,0,1,1,68,1,2,0,0,2,0,2,0,2,2,0,1,0.2006888271011353,1.1383470916074956
9057-SIHCH,0,0,0,0,3,1,2,1,0,0,0,0,2,2,0,1,2,1.0581760791868549,-0.8769985397674139
2985-JUUBZ,1,0,1,1,40,1,2,0,0,0,2,0,2,2,0,1,2,0.32532360211359457,0.32471755309946526
2107-FBPTK,0,1,0,0,30,1,2,1,0,2,2,0,2,2,0,1,2,1.3074456292117733,0.37119617357545537
0302-JOIVN,0,0,1,0,8,1,0,1,0,2,2,0,2,2,0,0,2,1.2093996062019723,-0.6339067516110726
7255-SSFBC,1,0,1,1,72,1,2,1,0,2,2,2,2,2,2,1,0,1.5783185402388515,2.542058783761817
1498-DQNRX,0,0,1,0,29,1,0,2,1,1,1,1,1,1,0,0,3,-1.4926823160681442,-0.7529599621990739
0604-THJFP,0,0,1,1,59,1,0,0,0,2,0,2,2,2,2,1,1,0.3718539181182462,0.9982273966556736
6797-LNAQX,1,0,1,1,70,1,2,1,0,2,0,0,2,2,2,0,0,1.114677177192503,2.0205143965222185
2883-ILGWO,1,1,0,0,57,1,2,1,0,2,0,2,2,2,0,1,0,1.3340343812144315,1.603353887826704
7851-WZEKY,0,0,0,0,2,1,2,1,0,0,0,0,2,2,0,1,2,1.0099839661820376,-0.9189109170357486
3055-MJDSB,1,0,0,0,9,0,1,0,0,0,0,0,0,0,0,1,3,-1.3348116010523623,-0.9219109608823243
2676-SSLTO,1,0,0,0,49,1,2,0,0,0,0,2,2,0,2,1,0,0.046141706085686136,0.4055643229354899
4325-NFSKC,1,1,0,0,19,1,2,1,2,0,0,0,2,0,0,1,2,0.85876043916692,-0.27341618881153257
2311-QYMUQ,0,0,1,1,16,1,0,1,0,2,2,0,2,0,0,1,1,0.8205391081630994,-0.3747779643631105
5494-WOZRZ,0,0,1,1,71,1,0,0,2,0,2,2,2,2,2,1,1,0.572931355138347,1.641251500535651
0701-TJSEF,1,0,0,0,9,1,0,0,2,0,2,2,0,2,0,1,0,0.11593718009266311,-0.751239348816479
5433-KYGHE,0,0,0,1,14,1,2,1,2,0,0,2,0,0,0,1,3,0.7058751151516368,-0.4922208572981705
7771-ZONAT,1,0,0,0,22,0,1,0,0,0,2,2,2,2,2,0,0,-0.2662761299455452,-0.43010230235731234
6950-TWMYB,1,0,1,1,54,1,0,1,0,2,0,2,0,0,2,1,0,0.5047976781315361,0.9186821164295604
8361-LBRDI,0,0,0,0,58,1,2,2,1,1,1,1,1,1,2,0,1,-1.343120586053193,-0.3776015350422404
6229-UOLQL,1,0,1,1,56,0,1,0,2,2,0,2,2,0,1,1,3,-0.42414684496132693,0.2669887681988169
9028-LIHRP,1,0,1,1,71,1,0,1,2,2,2,2,2,0,2,0,1,1.1778254631988159,2.174707826577829
2928-HLDBA,0,0,0,0,6,1,0,2,1,1,1,1,1,1,0,0,3,-1.46443176706532,-0.9560364596371209
0635-WKOLD,1,0,1,0,40,1,2,0,0,2,0,2,2,0,1,0,1,0.19902703010096928,0.2832463587497446
5153-RTHKF,0,0,0,0,34,1,2,1,0,0,0,0,2,0,0,0,2,0.684271754149477,0.2721506083466012
0431-APWVY,0,0,1,1,28,1,0,1,0,0,0,0,2,2,1,1,0,0.8421424691652587,0.14083251262112928
5286-YHCVC,1,0,1,0,72,1,2,1,0,2,2,0,2,2,2,1,0,1.330710787214099,2.2899006866279574
4694-PHWFW,0,0,0,1,8,1,0,2,1,1,1,1,1,1,0,0,3,-1.4893587220678117,-0.9303816729197139
3173-WSSUE,0,0,1,1,71,1,0,2,1,1,1,1,1,1,2,0,1,-1.4976677070686424,-0.38113099839115283
2105-PHWON,0,0,1,0,33,1,2,1,0,0,2,2,0,2,0,1,1,1.0049985751815391,0.32136456291799853
0807-ZABDG,0,0,0,1,3,1,0,0,2,0,0,2,0,0,0,1,3,-0.32111543095102724,-0.9375508953471922
5756-OZRIO,1,1,1,0,61,1,2,0,0,2,0,0,0,2,1,0,0,-0.023653767921291324,0.7159806244723351
1564-NTYXF,0,1,0,0,13,1,2,1,0,0,0,0,0,2,0,1,2,0.572931355138347,-0.5084784478490982
1328-EUZHC,0,0,1,0,18,1,0,2,1,1,1,1,1,1,2,0,3,-1.4843733310673135,-0.8423215623643496
5716-LIBJC,0,0,0,1,13,1,2,1,0,2,2,0,2,2,1,1,1,1.3091074262119398,-0.43263910413934314
8779-YIQQA,1,0,1,1,21,1,0,2,1,1,1,1,1,1,1,0,3,-1.4943441130683104,-0.8513216939040763
1409-PHXTF,1,1,1,0,54,1,2,1,0,2,2,2,2,2,2,1,2,1.5184938482328711,1.6756196498956852
2550-AEVRU,0,0,1,1,57,1,0,0,2,2,0,0,0,0,1,0,2,-0.37595473195650925,0.3411516168178386
3027-ZTDHO,1,0,0,0,1,1,0,1,0,0,0,0,2,2,0,1,2,0.8354952811645946,-0.9661174893274519
4840-ORQXB,0,1,0,0,56,1,2,1,0,2,2,0,2,2,0,0,2,1.329048990213933,1.5713240079353241
2001-MCUUW,1,0,0,0,46,1,2,1,0,2,2,2,2,2,2,0,2,1.4586691562268908,1.1574282528375532
3902-FOIGH,1,1,1,0,12,1,2,1,0,2,0,0,2,2,0,1,2,1.2160467942026365,-0.46817638823370483
9031-ZVQPT,1,0,1,0,72,1,2,1,0,2,2,2,2,2,2,1,2,1.4437129832253957,2.453358957974463
2003-CKLOR,1,0,0,0,66,1,0,1,0,2,2,0,2,2,0,0,2,1.15456030519649,1.9547781416487253
6729-GDNGC,0,1,0,0,20,1,0,1,0,0,0,0,2,0,0,0,0,0.5297246331340278,-0.29362236648405604
7943-RQCHR,0,0,0,0,9,1,2,1,0,0,0,0,2,2,0,1,2,0.9966895901807084,-0.6131711544362122
0220-EBGCE,1,0,0,0,2,1,0,1,0,0,2,0,0,2,0,1,2,0.7008897241511383,-0.9319699314267245
9776-CLUJA,0,1,1,0,51,1,2,1,2,0,0,0,0,0,0,1,2,0.4233696251233959,0.6739579514743469
8757-TFHHJ,1,0,0,0,1,1,0,0,2,0,0,0,0,0,0,1,1,-0.4972659129686364,-0.9838089243638752
5828-DWPIL,1,1,1,0,62,1,2,1,2,2,2,0,0,0,0,1,2,0.8089065291619363,1.4729181579384603
8718-PTMEZ,0,0,0,0,13,0,1,0,0,2,0,0,0,0,0,1,2,-1.1204397880309327,-0.8525790652221262
4183-WCSEP,1,0,0,0,31,1,0,1,0,2,0,2,0,0,0,1,2,0.45494376812655235,0.06856675055214806
9633-XQABV,0,0,0,0,3,1,0,1,0,0,0,0,0,0,0,1,2,0.18240906009930805,-0.9044401173052079
7138-GIRSH,1,0,0,0,50,1,2,0,0,0,2,2,0,2,2,0,0,0.1574821050968162,0.5022716186956895
8570-KLJYJ,0,0,0,0,36,1,2,0,2,0,0,0,0,0,1,0,3,-0.3427187919531868,-0.17039997731515197
7760-OYPDY,0,0,0,0,2,1,0,1,0,0,0,0,2,0,0,1,2,0.5280628361338618,-0.9421833159926397
9970-QBCDA,0,0,0,0,6,1,0,2,1,1,1,1,1,1,0,0,1,-1.4976677070686424,-0.9486245866044049
5380-WJKOV,1,0,0,0,34,1,2,1,0,2,2,0,2,2,0,1,2,1.3822264942192488,0.5600886401800608
3520-FJGCV,1,0,1,1,72,1,2,1,2,2,2,2,2,2,2,1,1,1.5899511192400142,2.5795593318440115
4881-JVQOD,1,1,1,1,10,0,1,0,0,0,0,0,0,2,0,1,0,-1.004113998019304,-0.8458069074214006
0461-CVKMU,0,0,1,1,23,1,0,1,0,2,2,2,0,0,0,0,2,0.6327560471443273,-0.16742199261450713
2466-FCCPT,0,0,1,1,20,1,0,2,1,1,1,1,1,1,1,0,0,-1.4976677070686424,-0.831247871107137
3503-TYDAY,0,0,1,0,43,1,2,1,0,2,0,0,0,0,0,0,2,0.5214156481331973,0.49375678836643844
6218-KNUBD,1,0,0,0,6,1,0,0,0,2,0,0,2,0,0,0,2,-0.17653909193657447,-0.8480128220144709
7205-BAIAD,0,0,0,0,40,1,0,2,1,1,1,1,1,1,2,1,0,-1.4677553610656522,-0.6407892051414518
7551-JOHTI,0,0,0,0,1,1,0,2,1,1,1,1,1,1,0,0,3,-1.504314895069307,-0.997176766797881
5649-TJHOV,1,1,1,0,27,0,1,0,0,0,0,0,0,2,0,0,0,-0.9393039150128251,-0.5504790617011558
6979-TNDEU,0,0,0,0,8,1,0,2,1,1,1,1,1,1,0,0,3,-1.5142856770703037,-0.9365802929262413
3787-TRIAL,1,0,1,1,21,0,1,0,0,0,0,0,0,0,0,1,2,-1.286619488047545,-0.7561805975049565
8468-FZTOE,0,0,1,1,72,1,0,0,2,2,2,2,0,2,2,1,2,0.31867641411292996,1.3048715842383685
9746-MDMBK,1,0,1,1,47,1,2,1,2,2,2,2,2,2,1,1,0,1.6182016682428386,1.3403426908949383
1498-DQNRX,0,0,1,0,29,1,0,2,1,1,1,1,1,1,0,0,3,-1.4926823160681442,-0.7529599621990739
7426-RHZGU,1,0,0,0,9,1,0,1,0,0,0,2,2,2,0,1,0,1.0349109211845293,-0.6407230277036596
4598-XLKNJ,0,1,1,0,25,1,0,1,0,2,2,0,2,2,0,1,2,1.1213243651931677,0.10357461514417286
5433-KYGHE,0,0,0,1,14,1,2,1,2,0,0,2,0,0,0,1,3,0.7058751151516368,-0.4922208572981705
4980-URKXC,1,0,1,0,36,1,0,2,1,1,1,1,1,1,1,0,0,-1.4594463760648215,-0.6881060731628086
7096-UCLNH,1,0,0,0,1,1,0,2,1,1,1,1,1,1,0,0,3,-1.4860351280674797,-0.9969341161926433
9079-LWTFD,1,0,0,0,47,1,2,1,2,2,0,2,2,0,0,0,3,1.1961052302006432,1.0541914498818656
8824-RWFXJ,1,0,1,1,3,1,0,0,0,2,2,0,0,0,0,1,3,-0.28621769394753876,-0.9315949259459025
4077-CROMM,0,0,1,1,31,1,2,1,0,0,2,2,2,2,0,1,2,1.3107692232121058,0.4251749036678843
5260-UMPWX,0,0,1,1,26,1,0,2,1,1,1,1,1,1,0,1,1,-1.479387940066815,-0.7878575310614452
2324-EFHVG,1,0,0,0,64,1,2,1,0,2,2,0,2,2,2,1,0,1.3174164112127704,1.9469030265514644
6711-FLDFB,0,0,0,0,7,1,2,1,0,0,0,0,0,0,0,1,2,0.33695618111475767,-0.767033697302862
1752-OZXFY,1,0,1,0,60,1,0,0,2,0,0,0,2,0,1,1,3,-0.16490651293541178,0.565338716911568
0988-JRWWP,0,0,0,0,3,1,0,0,0,0,0,0,2,0,0,1,2,-0.3510277769540174,-0.9438377519374425
7321-KKSDU,1,0,0,1,32,1,0,2,1,1,1,1,1,1,2,0,3,-1.4710789550659844,-0.6983635760205852
4690-PKDQG,0,1,1,0,42,1,2,1,0,2,2,0,2,0,0,1,2,1.0232783421833662,0.7283337461935285
4872-JCVCA,0,0,1,0,71,0,1,0,2,2,2,2,0,0,2,1,0,-0.5703849809759457,0.48444782878368203
7268-IGMFD,1,1,0,0,18,1,2,1,0,0,2,2,2,0,0,0,0,0.9684390411778845,-0.23640094193981376
7921-BEPCI,0,0,0,0,72,1,2,0,2,2,0,0,0,0,2,0,0,-0.16656830993557784,0.8758653141780668
0655-YDGFJ,1,0,0,0,29,1,0,0,0,0,2,0,0,0,0,0,0,-0.5255164619714603,-0.4217860043414375
6141-OOXUQ,1,0,0,0,1,1,0,2,1,1,1,1,1,1,0,0,3,-1.4993295040688086,-0.9971105893600889
4704-ERYFC,0,0,1,0,22,1,0,1,0,0,0,0,0,0,0,1,2,0.14917312009598557,-0.32018157818462184
8945-MUQUF,1,0,0,0,51,1,2,1,2,2,0,0,2,0,1,1,2,0.9983513871808745,1.128486653376472
8903-XEBGX,1,0,0,1,2,1,0,0,0,0,0,0,0,2,0,1,2,-0.31446824295036285,-0.9578453096034385
6176-YJWAS,1,0,1,0,72,1,2,1,2,2,2,0,2,0,2,1,1,1.1030445981913404,2.1329057450391478
0602-DDUML,0,0,0,0,57,1,0,0,0,2,2,2,2,0,2,0,3,0.1657910900976468,0.7123629245397001
1728-BQDMA,0,0,0,0,2,1,0,0,0,0,0,0,0,0,0,0,2,-0.6750781919864114,-0.9692940063414732
5930-GBIWP,1,0,0,0,69,1,2,0,2,2,2,2,0,2,2,1,1,0.5563133851366857,1.4442192090826163
6075-QMNRR,0,0,0,0,52,1,0,0,2,0,0,0,0,0,0,1,0,-0.4989277099688025,0.11286151558099869
1834-ABKHQ,0,0,1,1,52,1,0,0,0,0,2,0,0,0,1,1,0,-0.4590445819648154,0.1459943527689138
5956-VKDTT,0,1,1,0,5,1,2,1,0,0,0,0,0,0,0,1,2,0.31867641411292996,-0.8580717925588712
3807-XHCJH,0,0,1,1,1,1,0,2,1,1,1,1,1,1,0,0,2,-1.4876969250676457,-0.9969561753385741
3359-DSRKA,0,0,1,1,58,1,0,2,1,1,1,1,1,1,2,1,3,-1.4926823160681442,-0.4945150084749636
6114-TCFID,0,0,0,0,29,0,1,0,2,2,0,2,0,0,1,0,1,-0.8395960950028577,-0.5280890285814928
9959-WOFKT,1,0,0,1,71,1,2,1,2,0,2,0,2,2,2,0,0,1.393859073220412,2.251142767227713
4806-HIPDW,0,0,1,0,1,1,0,1,0,0,0,0,0,0,0,1,2,0.13920233809498894,-0.9753602714724163
3639-XJHKQ,0,0,0,1,19,1,0,0,2,2,2,0,0,0,0,1,2,-0.1383177609327537,-0.43321264193354136
6366-ZGQGL,1,0,0,0,1,0,1,0,0,0,0,0,0,0,0,0,0,-1.328164413051698,-0.9948384973292265
5922-ABDVO,0,0,1,0,19,1,2,1,0,0,2,0,0,2,0,0,3,0.827186296163764,-0.22883465488558288
7452-FOLON,1,0,0,1,39,1,2,2,1,1,1,1,1,1,1,0,0,-1.3065610520495383,-0.5829280653652191
9396-ZSFLL,0,0,0,0,15,1,2,0,0,0,0,0,0,0,0,0,3,-0.5288400559717926,-0.727216938897944
6910-HADCM,0,0,0,0,1,1,0,1,0,0,2,0,0,0,0,0,2,0.3851482941195749,-0.9720955178746724
9046-JBFWA,1,0,0,1,27,1,0,2,1,1,1,1,1,1,0,0,3,-1.51594747407047,-0.7687101923935955
2233-TXSIU,1,0,1,1,17,0,1,0,2,0,2,0,2,0,1,0,1,-0.6750781919864114,-0.6562967847307355
4801-JZAZL,0,0,1,1,11,0,1,0,2,0,0,0,0,0,0,1,2,-1.16863190103575,-0.8529320115570175
9029-FEGVJ,0,1,1,0,32,1,2,1,0,0,2,0,0,0,0,0,3,0.4831943171293762,0.12806026712725263
9710-ZUSHQ,0,1,0,0,37,1,2,1,2,2,0,0,2,2,0,1,0,1.395520870220578,0.783988971376691
3049-SOLAY,0,0,1,0,3,1,2,1,0,0,0,0,2,2,0,1,2,1.0116457631822036,-0.8765794159947307
8606-CIQUL,1,1,1,1,72,1,2,1,2,2,2,2,2,2,2,1,1,1.6946443302504801,2.69978167716634
4112-LUEIZ,1,0,0,0,10,1,0,1,0,0,0,0,2,2,0,1,2,0.8222009051632655,-0.6249948566550688
7279-BUYWN,0,1,0,0,41,1,2,1,2,2,2,0,2,2,0,1,2,1.609892683242008,1.0631474631297309
1950-KSVVJ,0,0,1,0,45,1,2,1,2,2,2,2,2,2,1,0,3,1.61321627724234,1.2143629084846965
9251-WNSOD,0,0,1,0,67,1,2,0,2,2,2,0,0,2,1,0,3,0.3436033691154218,1.2285689984640686
8205-OTCHB,1,0,0,0,22,0,1,0,0,2,2,0,0,2,1,1,0,-0.6983433499887373,-0.6071269484511997
8902-ZEOVF,1,0,1,1,47,1,0,2,1,1,1,1,1,1,1,0,3,-1.4860351280674797,-0.5859722275036561
7569-NMZYQ,0,0,1,1,72,1,2,1,2,2,2,2,2,2,2,1,0,1.7943521502604476,2.8203569688235604
9391-LMANN,1,0,0,1,53,1,0,1,2,2,2,0,0,2,1,0,2,1.0365727181846955,1.2164144090562516
2908-WGAXL,0,0,1,1,56,1,2,2,1,1,1,1,1,1,2,1,1,-1.3231790220511994,-0.3577262445586774
4910-AQFFX,1,0,1,1,9,1,2,1,0,0,2,0,0,0,0,1,0,0.48485611412954227,-0.7140476287773146
1608-GMEWB,1,1,0,0,45,1,2,1,0,0,0,0,2,2,0,1,0,0.9684390411778845,0.847298720197807
2651-ZCBXV,1,0,0,0,54,1,2,1,2,2,0,2,2,2,2,1,1,1.437065795224731,1.53572054640317
2208-NKVVH,1,0,1,1,43,1,2,2,1,1,1,1,1,1,2,0,3,-1.3464441800535252,-0.5302067065908401
3312-ZWLGF,1,1,1,0,29,1,2,1,0,0,0,2,0,0,0,1,2,0.4831943171293762,0.059478382428698684
4588-YBNIB,0,0,0,0,1,1,0,2,1,1,1,1,1,1,0,1,3,-1.5009913010689746,-0.9971326485060197
2842-JTCCU,1,0,0,0,2,1,0,0,0,0,0,0,0,0,0,0,0,-0.6219006879810957,-0.9703307862002162
9420-LOJKX,0,0,0,0,15,1,0,1,2,2,0,0,2,2,0,1,1,1.141265929195161,-0.37647651859977455
9391-DXGGG,0,1,0,0,44,1,0,1,0,2,2,0,0,2,1,0,1,0.8105683261621028,0.7548708987481637
5103-MHMHY,0,0,0,1,1,1,0,0,0,0,0,0,0,0,0,0,3,-0.6252242819814278,-0.9855074786005396
4955-VCWBI,0,0,1,1,43,1,0,2,1,1,1,1,1,1,1,0,3,-1.4876969250676457,-0.6449142654304931
5583-EJXRD,1,0,1,1,44,0,1,0,2,2,2,2,0,2,2,1,1,-0.35601316795451593,0.04211783458123567
2386-LAHRK,1,0,0,0,1,1,0,0,0,0,0,0,2,0,0,1,3,-0.3742929349563432,-0.9821765475650034
5219-YIPTK,0,0,1,0,33,1,2,1,0,2,2,0,2,2,0,1,2,1.3174164112127704,0.4984774455956087
8108-UXRQN,0,0,1,1,11,0,1,0,2,0,0,0,2,2,0,0,2,-0.47233895796614456,-0.7563570706724021
4238-HFHSN,1,1,1,0,61,1,2,1,0,2,0,0,0,0,0,1,2,0.5779167461388456,1.1581562046532667
0709-TVGUR,0,1,0,0,9,1,2,1,0,0,0,0,0,0,0,1,2,0.32532360211359457,-0.7309669937061635
1213-NGCUN,0,0,0,0,6,1,0,0,0,0,0,2,0,0,0,1,0,-0.5022513039691348,-0.8878295804193889
2962-XPMCQ,1,0,0,0,2,1,0,0,0,0,0,0,0,0,0,1,2,-0.6518130339840859,-0.9623233162273711
4652-NNHNY,1,0,1,0,16,1,2,1,0,0,0,0,0,0,0,1,0,0.3020584441112687,-0.43921272962669244
5167-ZFFMM,1,0,0,0,1,1,2,1,0,2,0,0,0,2,0,1,1,0.8670694241677506,-0.9656983655547686
9443-JUBUO,1,0,1,1,72,0,1,0,2,2,2,2,2,2,2,1,1,0.016229360082695727,0.9702122813236815
3365-SAIGS,0,0,0,0,17,1,0,1,0,2,0,0,2,0,0,1,2,0.6244470621434968,-0.4193815574349909
7501-VTYLJ,0,0,0,1,2,1,0,0,0,2,0,0,0,0,0,0,3,-0.43910301796282214,-0.958926207754043
7682-AZNDK,1,0,1,1,34,1,0,1,0,2,2,0,2,0,0,1,2,0.8338334841644282,0.358247454914133
1697-NVVGY,1,1,1,0,19,1,0,0,2,0,2,0,2,0,0,0,0,0.05445069108651675,-0.43839654122725646
3506-OVLKD,1,0,0,0,35,1,2,2,1,1,1,1,1,1,1,0,0,-1.2816340970470463,-0.584494264726299
5565-FILXA,0,1,0,0,16,1,2,1,0,0,0,0,2,2,0,1,2,1.04321990618536,-0.33112291456625026
5949-EBSQK,1,0,1,1,4,1,0,0,0,0,0,2,0,2,0,0,1,-0.11006721192992953,-0.9045062947429998
7297-DVYGA,0,0,0,0,51,1,0,2,1,1,1,1,1,1,1,1,0,-1.4926823160681442,-0.5659425229985782
5027-XWQHA,1,0,0,0,6,1,0,0,0,0,0,0,0,0,0,0,2,-0.6651074099854147,-0.8862413219123783
0428-AXXLJ,1,0,0,0,25,1,0,2,1,1,1,1,1,1,1,1,0,-1.504314895069307,-0.7779970928304212
2012-NWRPA,0,1,1,0,11,1,2,1,0,0,2,0,2,2,0,1,2,1.156222102196656,-0.506713716174642
3957-LXOLK,0,1,0,0,28,1,2,1,0,2,2,0,2,2,0,1,2,1.3755793062185846,0.38504931721993657
4374-YMUSQ,1,0,0,0,34,1,2,1,2,2,2,2,2,2,1,0,1,1.7112623002521414,0.7144144251112554
6298-QDFNH,1,0,0,0,22,1,2,1,0,2,0,0,0,0,0,1,2,0.48485611412954227,-0.24237897048703422
0374-AACSZ,0,0,0,0,1,1,0,0,2,0,0,0,0,0,0,0,2,-0.4856333339674735,-0.9836545103423604
5365-LLFYV,0,0,0,0,2,1,0,0,0,0,0,0,0,0,0,1,3,-0.62854787598176,-0.9591909175052115
0520-FDVVT,1,0,0,0,35,1,0,1,0,2,2,0,2,2,1,1,0,1.249282734205959,0.5939935474755504
0769-MURVM,0,0,1,1,72,0,1,0,2,2,2,2,2,2,2,0,0,0.03118553308419093,1.0127864329699372
7140-ADSMJ,1,0,0,0,8,1,0,2,1,1,1,1,1,1,0,1,1,-1.4727407520661506,-0.9341758460197946
5701-YVSVF,0,1,1,0,11,1,0,1,0,0,0,2,2,0,0,1,2,0.6028437011413373,-0.6175168061845606
2878-RMWXY,1,1,1,0,72,1,2,1,2,2,2,0,0,2,2,1,1,1.259253516206956,2.3252835567008043
6476-YHMGA,0,0,1,1,15,1,0,0,0,2,2,2,2,2,0,0,0,0.39013368512007346,-0.49594885296045926
0743-HRVFF,0,0,1,1,51,0,1,0,0,0,2,2,2,2,1,1,2,-0.28621769394753876,0.27318738820534416
6410-LEFEN,0,0,0,0,9,1,0,0,0,0,0,0,0,0,0,0,2,-0.6518130339840859,-0.822049207254034
2892-GESUL,0,0,1,1,18,1,0,2,1,1,1,1,1,1,2,0,3,-1.5093002860698053,-0.8693440161294602
6925-BAYGL,0,1,1,0,53,1,2,2,1,1,1,1,1,1,2,0,1,-1.3181936310507012,-0.4430069027267733
1431-CYWMH,0,0,1,1,22,1,0,2,1,1,1,1,1,1,0,0,0,-1.5192710680708021,-0.8054607295141458
7270-BDIOA,0,0,0,0,22,1,2,1,0,0,0,2,2,0,0,1,2,0.8388188751649267,-0.12614933057816283
1221-GHZEP,0,0,0,0,62,1,0,0,2,0,0,2,0,2,2,1,3,0.011243969082197169,0.6913405584677406
5630-IXDXV,0,0,0,0,47,1,2,1,0,2,2,0,2,2,0,1,2,1.3822264942192488,1.1335602569405334
5808-TOTXO,0,0,0,1,3,1,0,2,1,1,1,1,1,1,1,1,1,-1.4694171580658184,-0.9804559341824085
0373-AIVNJ,1,0,0,0,9,0,1,0,2,2,2,0,0,0,1,0,3,-0.8379342980026917,-0.8412186050678145
2187-LZGPL,0,0,0,0,7,0,1,0,0,2,0,0,0,2,0,1,1,-0.8196545310008642,-0.8763808836813543
4583-PARNH,1,1,1,0,16,1,0,1,0,0,2,2,0,2,0,1,2,0.8903345821700764,-0.32633607989928787
8819-IMISP,1,0,0,0,31,1,2,1,0,2,0,0,0,0,0,1,2,0.5214156481331973,0.06589759389453298
7005-CYUIL,0,1,1,0,71,1,0,1,2,2,2,2,2,0,2,1,2,1.1512367111961581,2.1567296226443067
1728-BQDMA,0,0,0,0,2,1,0,0,0,0,0,0,0,0,0,0,2,-0.6750781919864114,-0.9692940063414732
6338-AVWCY,1,0,0,0,3,0,1,0,0,0,2,0,2,0,0,1,3,-0.8179927340006982,-0.948095167102068
2003-CKLOR,1,0,0,0,66,1,0,1,0,2,2,0,2,2,0,0,2,1.15456030519649,1.9547781416487253
0354-VXMJC,1,0,1,1,23,1,0,2,1,1,1,1,1,1,2,0,1,-1.5009913010689746,-0.8175491414841707
4892-VLANZ,1,0,0,0,1,1,0,2,1,1,1,1,1,1,0,0,3,-1.4943441130683104,-0.9970444119222968
7025-WCBNE,1,1,0,0,47,1,2,0,0,2,0,2,0,0,2,0,0,-0.17155370093607614,0.20923792415223777
9327-QSDED,1,0,0,0,8,1,0,0,0,0,0,0,0,0,0,0,3,-0.7049905379894018,-0.8578070828077027
4128-ETESU,0,1,1,0,47,1,2,1,0,0,2,0,2,2,0,0,2,1.1612074931971548,1.0886037175337615
6435-SRWBJ,0,0,0,0,5,1,2,1,0,0,2,2,0,0,0,1,2,0.5978583101408388,-0.8214756694598357
5117-ZSMHQ,0,0,1,1,71,1,2,0,2,2,2,2,2,2,2,0,0,0.8354952811645946,1.7925110641824777
9728-FTTVZ,0,0,0,0,1,1,0,1,0,0,0,0,0,0,0,1,2,0.14751132309581955,-0.9752499757427628
2845-KDHVX,0,0,1,0,64,1,0,0,0,2,2,2,0,2,2,1,3,0.11759897709282914,0.9260719303163457
3703-KBKZP,1,1,0,0,16,1,2,1,0,0,0,0,0,0,0,1,0,0.32200000811326246,-0.44929375931702353
9350-VLHMB,1,0,1,1,67,1,2,1,0,2,0,0,0,2,0,1,0,0.8238627021634315,1.805923024908345
8486-AYEQH,0,0,0,0,31,1,2,1,0,0,0,0,0,0,0,1,2,0.37517751211857825,-0.022912527622475094
1891-QRQSA,1,1,1,1,64,1,2,1,2,0,2,2,2,2,2,1,0,1.5567151792366918,2.1261777055302837
4825-XJGDM,0,0,0,0,61,0,1,0,2,2,2,2,0,0,1,0,1,-0.7000051469889033,0.18389196547786069
8735-IJJEG,1,0,1,0,14,1,0,0,0,0,2,0,0,0,0,0,1,-0.48397153696730727,-0.7106946385958479
9128-CPXKI,0,0,0,0,59,1,0,1,0,0,2,0,2,2,2,0,2,1.0315873271841969,1.489308103364972
9844-FELAJ,0,1,1,1,70,1,2,1,0,2,2,2,2,2,1,1,2,1.433742201224399,2.2924374884099885
8313-KTIHG,1,0,0,0,4,1,0,0,0,0,0,2,2,0,0,1,2,-0.1150526029304281,-0.895748813808511
1360-JYXKQ,0,1,1,0,54,1,0,1,0,0,2,2,2,2,1,1,2,1.141265929195161,1.3929758130855945
5505-OVWQW,0,0,0,0,17,1,0,2,1,1,1,1,1,1,1,0,3,-1.4827115340671475,-0.8497554945429964
1862-SKORY,0,1,1,0,40,0,1,0,0,2,0,0,2,0,0,1,2,-0.8462432830035223,-0.28338692277221006
2346-DJQTB,0,0,0,0,35,0,1,0,0,0,0,0,0,0,0,0,2,-1.3497677740538576,-0.6473187123369397
2568-OIADY,0,0,1,0,37,1,2,1,0,0,2,0,2,2,0,1,2,1.15456030519649,0.6539503061151998
4548-SDBKE,0,0,0,0,5,1,2,1,0,0,0,0,2,0,0,1,2,0.6792863631489789,-0.7963061839529043
5501-TVMGM,1,0,0,0,1,1,0,0,0,0,0,0,0,2,0,1,2,-0.3161300399505289,-0.9814044774574288
2830-LEWOA,1,0,1,1,61,1,0,1,0,2,2,2,2,2,1,0,1,1.300798441211109,1.8394749858689432
3082-YVEKW,0,0,1,1,23,1,2,0,2,0,2,2,2,0,2,1,0,0.4117370461222332,-0.229562606701296
4933-BSAIP,0,0,1,0,40,1,0,2,1,1,1,1,1,1,2,0,3,-1.517609271070636,-0.6616130389000349
0748-RDGGM,1,0,1,0,70,1,0,1,2,2,2,2,2,2,1,1,0,1.4869197052297147,2.318379044024494
5143-EGQFK,0,1,0,0,10,0,1,0,0,0,0,2,0,0,0,1,2,-1.166970104035584,-0.8772191312267209
0536-ESJEP,1,0,1,0,54,1,0,0,2,2,0,0,2,2,2,1,0,0.32532360211359457,0.8434163105140033
7538-GWHML,0,0,0,0,2,1,0,1,0,0,0,0,0,0,0,0,2,0.16246749609731476,-0.9417421330740257
7054-LGEQW,0,0,0,0,1,1,0,0,0,0,0,0,0,0,0,0,3,-0.6252242819814278,-0.9855074786005396
8331-ZXFOE,0,0,0,0,58,1,2,0,2,2,2,2,0,0,1,1,1,0.21065960910213194,0.8909537699946672
7617-EYGLW,1,0,0,0,1,1,0,2,1,1,1,1,1,1,0,0,2,-1.505976692069473,-0.9971988259438118
5231-FIQPA,0,0,0,0,41,1,0,2,1,1,1,1,1,1,2,1,3,-1.4926823160681442,-0.6482231373200984
5816-JMLGY,0,0,1,1,70,1,0,0,0,2,2,2,2,2,2,1,0,0.5197538511330312,1.516837917486489
8498-XXGWA,0,0,1,0,65,1,0,0,2,0,2,0,0,0,0,1,3,-0.3194536339508612,0.6147512037963415
2509-TFPJU,1,0,1,0,72,1,2,2,1,1,1,1,1,1,2,0,1,-1.2965902700485417,-0.18332663683054362
1539-LNKHM,0,0,0,0,12,1,0,2,1,1,1,1,1,1,0,0,3,-1.4744025490663168,-0.8881604676083494
7654-YWJUF,1,0,1,0,43,1,0,1,2,0,2,2,0,0,1,1,0,0.6477122201458225,0.5556768109939203
3154-CFSZG,1,0,1,1,47,1,0,1,2,0,2,0,0,2,0,0,2,0.8404806721650927,0.8194821371791912
6961-MJKBO,1,0,0,0,47,1,0,2,1,1,1,1,1,1,2,0,0,-1.4727407520661506,-0.5897443414578062
6518-LGAOV,0,0,1,0,38,1,2,1,0,0,2,2,2,2,0,1,2,1.3373579752147637,0.7705990697967546
4471-KXAUH,0,0,1,0,42,1,2,1,0,0,2,2,0,0,0,1,2,0.6493740171459885,0.5773609514438008
8020-BWHYL,0,1,0,0,15,1,0,1,0,2,0,0,0,0,0,1,1,0.3502505571160864,-0.4995444937471637
2887-JPYLU,0,0,0,1,41,1,0,0,0,0,0,0,0,0,0,0,0,-0.6501512369839195,-0.1931650159156369
5136-KCKGI,0,0,1,1,33,1,2,1,2,0,2,0,2,2,1,1,3,1.2941512532104444,0.5238013451240552
6402-SSEJG,0,0,0,0,25,0,1,0,2,2,2,0,2,2,1,0,2,-0.12336158793125872,-0.32626990246149573
8564-LDKFL,1,0,1,0,40,1,2,1,0,2,2,0,2,2,1,1,0,1.3705939152180862,0.8377691691557435
8547-NSBBO,1,0,0,0,35,1,2,1,2,2,2,2,0,0,0,1,3,1.0631614701873533,0.49574211150020164
2851-STERV,1,1,0,0,35,1,0,0,0,0,2,2,2,2,1,1,2,0.27380789510844483,0.08449345391411522
7175-NTIXE,0,0,0,0,25,1,0,0,2,0,0,2,2,2,0,1,1,0.37850110611891075,-0.12652433605898472
3716-LRGXK,1,0,1,0,60,1,2,1,0,0,2,0,2,2,2,0,1,1.2093996062019723,1.6710534066880298
3301-VKTGC,1,0,1,1,68,1,2,1,2,2,0,0,0,0,1,1,0,0.6892571451499756,1.5074627804659404
9639-BUJXT,1,0,0,0,63,1,0,2,1,1,1,1,1,1,1,0,3,-1.4710789550659844,-0.4198227403536049
1442-BQPVU,0,0,0,0,13,0,1,0,0,2,0,0,0,0,0,0,2,-1.1835880740372453,-0.8482113543278471
1436-ZMJAN,0,0,1,0,10,1,0,0,0,0,2,0,2,2,0,1,1,0.10098100709116792,-0.7176212104180885
3413-DHLPB,1,0,1,1,60,1,2,1,0,2,0,2,2,2,0,1,0,1.2958130502106107,1.6280601312690908
2947-DOMLJ,1,0,0,1,1,1,0,0,2,0,0,0,0,0,0,0,3,-0.47067716096597834,-0.9834559780289841
5693-PIPCS,1,0,0,0,41,1,0,1,0,2,0,2,2,2,2,1,1,1.1595456961969886,0.8561664968619497
4626-OZDTJ,0,0,1,0,51,1,2,0,0,2,0,2,2,2,1,1,1,0.4615909561272169,0.7372677002954631
3766-EJLFL,0,0,1,1,68,1,2,1,2,0,2,2,2,2,2,1,0,1.4719635322282196,2.3068641698486676
4510-PYUSH,0,1,0,0,38,1,0,0,2,2,0,0,0,0,0,1,1,-0.2529817539442163,-0.012831497932144099
9388-ZEYVT,1,0,0,0,43,0,1,0,0,0,2,2,0,2,1,0,2,-0.6850489739874083,-0.15372326299154093
3717-OEAUQ,1,0,0,0,2,1,0,1,0,0,0,0,0,0,0,0,3,0.19736523310080326,-0.9487790006259199
7530-HDYDS,0,0,0,0,38,1,0,1,0,2,2,2,0,0,0,1,1,0.6477122201458225,0.43446180410471014
4676-WLUHT,1,0,0,0,54,0,1,0,2,2,0,0,0,2,2,0,0,-0.6169152969805971,0.06715496521258299
0329-GTIAJ,0,0,0,0,3,1,0,1,0,2,0,2,2,2,0,1,2,1.1013828011911744,-0.8666748594718452
3279-DYZQM,1,0,1,1,71,1,0,2,1,1,1,1,1,1,2,0,3,-1.505976692069473,-0.3976312395473182
6261-LHRTG,0,0,0,0,26,1,0,0,0,2,2,0,0,0,0,1,1,-0.3327480099521901,-0.3850795855127485
5774-XZTQC,0,0,1,1,7,1,0,2,1,1,1,1,1,1,0,0,3,-1.4727407520661506,-0.939271508729787
0270-THENM,1,0,1,1,72,1,2,0,2,2,2,2,0,0,2,0,0,0.16911468409797886,1.2452898310795415
0867-MKZVY,0,0,1,0,20,1,2,1,2,0,0,0,0,0,0,0,2,0.5862257311396761,-0.30326221325577307
5553-AOINX,0,1,1,1,66,1,2,1,0,2,2,0,2,2,1,1,2,1.3340343812144315,2.0346101907719376
1121-QSIVB,0,0,0,1,44,1,2,0,0,2,0,0,2,2,1,1,3,0.42503142212356193,0.5256101950903728
0916-QOFDP,0,1,1,1,14,1,2,1,0,0,0,0,2,2,0,1,2,1.0315873271841969,-0.41181527038076
0723-FDLAY,1,0,0,0,44,1,2,0,0,2,2,2,2,2,1,1,0,0.6809481601491449,0.6284278742733771
1841-YSJGV,1,0,1,0,72,1,2,1,2,2,0,2,2,2,2,1,1,1.5018758782312098,2.4585649164141086
4710-FDUIZ,1,0,1,0,56,1,2,1,0,2,0,0,2,2,1,0,1,1.1811490571991479,1.4712196037017962
0784-GTUUK,1,0,1,0,62,1,2,2,1,1,1,1,1,1,1,1,1,-1.3630621500551865,-0.367476387060048
5035-PGZXH,0,0,0,0,56,1,2,1,0,2,2,0,2,2,1,1,2,1.397182667220744,1.6035524201400801
6439-LAJXL,1,0,1,0,9,1,0,0,2,2,0,2,2,0,0,1,3,0.13920233809498894,-0.7437833574919017
4322-RCYMT,1,0,1,1,68,1,2,0,0,2,2,2,0,2,1,1,0,0.36686852711774764,1.329820478285993
0089-IIQKO,0,0,1,1,39,1,2,1,0,0,0,2,2,2,0,1,1,1.1695164781979852,0.6563326938757157
4640-UHDOS,0,0,1,1,13,1,0,0,0,0,0,0,0,2,0,0,2,-0.2928648819482031,-0.6817971574266277
1580-BMCMR,1,1,0,0,19,1,0,1,2,0,0,0,0,2,0,1,2,0.749081837155956,-0.2834310410640715
9624-EGDEQ,0,0,0,0,37,1,0,2,1,1,1,1,1,1,2,0,3,-1.4943441130683104,-0.6469657660020485
2770-NSVDG,1,0,1,0,24,0,1,0,0,0,2,0,0,0,0,0,2,-1.1852498710374113,-0.7022459857043889
7975-TZMLR,1,0,0,0,47,1,2,1,0,2,2,0,2,2,1,1,2,1.2742096892084507,1.151295810268818
4343-EJVQB,1,0,0,0,7,1,0,1,2,0,0,0,0,0,0,0,3,0.31867641411292996,-0.7703646283383981
3049-NDXFL,0,0,0,0,1,1,2,1,0,0,0,0,0,2,0,0,3,0.6992279271509723,-0.9679263392937695
5236-PERKL,0,0,0,0,57,1,2,1,2,2,2,0,2,2,2,1,0,1.6015836982411773,1.846467735128976
3115-JPJDD,0,0,1,0,59,1,0,1,2,0,2,0,0,0,1,1,1,0.5480044001358552,1.0410662580530976
6230-BSUXY,0,1,0,0,1,1,0,1,0,0,2,0,0,2,0,1,2,0.6726391751483144,-0.9682792856286608
9027-YFHQJ,1,0,0,0,7,1,2,2,1,1,1,1,1,1,0,1,0,-1.3198554280508674,-0.9383009063088362
2709-UQGNP,1,0,0,0,10,1,0,0,2,0,0,0,0,0,0,1,3,-0.4357794239624898,-0.774379392897786
0277-BKSQP,1,0,1,1,8,1,0,0,0,0,0,0,2,0,0,1,2,-0.34438058895335305,-0.79617382907732
5893-KCLGT,0,0,0,1,72,1,0,2,1,1,1,1,1,1,2,1,3,-1.4960059100684764,-0.3144462002426392
6968-URWQU,1,0,1,0,43,1,0,0,0,0,0,0,2,0,1,1,3,-0.27957050594687416,0.04915470213312988
3427-GGZZI,0,0,1,0,19,1,2,1,0,2,0,0,0,2,0,1,2,0.8089065291619363,-0.29071055922120337
2988-GBIVW,0,1,1,0,70,1,2,1,2,0,0,0,0,2,0,1,2,0.8670694241677506,1.848717768013908
9962-BFPDU,0,0,1,1,1,1,0,2,1,1,1,1,1,1,0,0,3,-1.4860351280674797,-0.9969341161926433
1357-BIJKI,1,0,1,0,50,1,2,1,0,2,0,0,2,2,1,1,2,1.113015380192337,1.137795612959228
4737-HOBAX,1,0,1,0,63,1,2,0,0,0,2,2,2,2,2,0,1,0.4998122871310375,1.2151570377382017
2100-BDNSN,0,0,1,0,5,1,2,0,0,0,2,2,2,0,0,0,0,0.10596639809166647,-0.8512334573203535
9507-EXLTT,0,0,1,0,1,1,0,1,0,0,0,0,2,0,0,1,0,0.48485611412954227,-0.9707719691188302
5937-EORGB,1,1,1,0,15,1,2,1,2,0,2,0,2,0,0,1,2,1.0548524851865226,-0.3915429152704444
4299-SIMNS,1,0,0,0,9,1,2,1,2,0,0,0,0,0,0,1,2,0.544680806135523,-0.6596938932040637
2205-LPVGL,1,1,1,1,58,1,2,1,2,2,0,2,0,0,1,1,0,0.8338334841644282,1.2556135113751101
0122-OAHPZ,0,0,0,0,7,1,2,1,0,0,0,0,0,0,0,1,2,0.3020584441112687,-0.7802250665694221
0670-ANMUU,1,0,0,0,71,1,2,1,2,0,0,2,0,2,1,0,1,1.0930738161903437,1.9447853485421172
8627-ZYGSZ,1,0,1,0,47,1,2,1,0,2,0,0,0,0,1,1,2,0.46989994112804756,0.6046922332519411
6968-MHOMU,1,0,1,0,58,0,1,0,0,0,0,0,2,2,1,1,1,-0.6567984249845842,0.1807154484638394
8945-GRKHX,0,0,0,1,1,1,0,1,0,0,0,0,0,2,0,0,2,0.4615909561272169,-0.97108079716186
2039-JONDJ,1,0,0,0,27,1,0,0,2,2,0,0,0,0,1,0,0,-0.3094828519498643,-0.3538658940208045
2169-RRLFW,0,0,1,0,71,1,2,2,1,1,1,1,1,1,2,0,1,-1.3015756610490399,-0.17271618763787575
2202-OUTMO,0,0,1,0,34,1,2,0,2,0,0,2,0,0,0,1,0,-0.13000877593192306,-0.12182573797574515
6240-EURKS,0,0,0,1,18,0,1,0,0,0,0,0,0,2,0,1,2,-0.9891578250178088,-0.7618056797172855
2065-MMKGR,0,0,0,0,29,1,2,0,0,0,0,0,2,2,1,1,1,0.2073360151017999,-0.08807524470177035
7718-UPSKJ,0,0,1,0,69,1,0,1,2,2,0,2,2,2,1,1,1,1.3838882912194153,2.1936345737863716
4018-KJYUY,1,0,0,1,22,1,0,2,1,1,1,1,1,1,0,0,1,-1.4827115340671475,-0.8149682214102786
8276-MQBYC,1,1,0,0,51,1,2,1,0,0,2,0,2,2,0,1,2,1.0980592071908417,1.1618842003155554
1757-TCATG,1,0,1,1,35,1,0,2,1,1,1,1,1,1,1,0,0,-1.4860351280674797,-0.6763264892358134
4482-EWFMI,0,0,0,0,2,1,0,1,0,0,0,0,0,0,0,1,2,0.16412929309748078,-0.9461319031142356
7798-JVXYM,0,0,0,0,14,1,0,0,0,0,0,2,2,2,0,1,2,0.16246749609731476,-0.5992738924998696
5908-QMGOE,1,1,0,0,15,1,2,1,0,0,0,0,0,0,0,1,1,0.31369102311243185,-0.5055225222943841
1685-BQULA,0,0,0,0,40,1,2,1,0,2,2,0,2,0,0,1,0,0.9518210711762233,0.6514796817709612
7131-ZQZNK,0,0,1,1,60,0,1,0,2,0,2,2,2,2,2,0,1,-0.16324471593524553,0.578155080697306
3130-ICDUP,0,0,0,1,2,1,2,1,2,0,0,0,0,0,0,0,1,0.5247392421335293,-0.9227933267195523
8722-NGNBH,1,0,0,0,5,0,1,0,2,0,2,2,0,0,0,0,3,-0.8229781250011965,-0.9071975105465457
6614-FHDBO,1,0,0,0,72,1,2,1,0,2,2,2,2,2,2,0,0,1.476948923228718,2.4699915540062127
6476-YHMGA,0,0,1,1,15,1,0,0,0,2,2,2,2,2,0,0,0,0.39013368512007346,-0.49594885296045926
8069-YQQAJ,1,0,0,0,14,0,1,0,0,2,0,0,0,0,0,1,3,-1.1187779910307663,-0.8206153627685383
1135-LMECX,0,0,0,0,1,1,0,2,1,1,1,1,1,1,0,0,3,-1.4926823160681442,-0.9970223527763662
